0300000000,0000000033,20120101,0000000033,20120101,9000000001,0100000000,EUR,13224.47,11113,2111.47,N,I,I,I,I
0300000001,0000000033,20120102,0000000033,20120102,9000000001,0100000002,EUR,12493.73,10498.94,1994.79,N,I,I,I,I
0300000002,0000000033,20120103,0000000033,20120103,9000000001,0100000005,EUR,11666.69,9803.94,1862.75,C,A,S,I,D
0300000003,0000000033,20120104,0000000033,20120104,9000000001,0100000006,EUR,16561.23,13917,2644.23,P,I,C,I,I
0300000004,0000000033,20120105,0000000033,20120105,9000000001,0100000006,EUR,12515.23,10517,1998.23,X,R,X,I,I
0300000005,0000000033,20120106,0000000033,20120106,,0100000008,EUR,8368.08,7032,1336.08,C,A,S,I,D
0300000006,0000000033,20120107,0000000033,20120107,,0100000003,EUR,6146.19,5164.87,981.32,P,I,S,I,I
0300000007,0000000033,20120108,0000000033,20120108,,0100000004,EUR,5720.31,4806.98,913.33,R,R,X,I,I
0300000008,0000000033,20120109,0000000033,20120109,,0100000009,EUR,4444.17,3734.6,709.57,C,A,S,I,D
0300000009,0000000033,20120110,0000000033,20120110,,0100000000,EUR,3453.38,2902,551.38,P,I,C,I,I
0300000010,0000000033,20120111,0000000033,20120111,,0100000002,EUR,8150.94,6849.53,1301.41,N,I,I,I,I
0300000011,0000000033,20120112,0000000033,20120112,,0100000004,EUR,3040.41,2554.97,485.44,C,A,S,I,D
0300000012,0000000033,20120113,0000000033,20120113,,0100000005,EUR,18986.39,15954.94,3031.45,P,I,S,I,I
0300000013,0000000033,20120114,0000000033,20120114,,0100000006,EUR,23408.49,19671,3737.49,P,A,S,I,I
0300000014,0000000033,20120115,0000000033,20120115,,0100000006,EUR,12515.23,10517,1998.23,R,R,X,I,I
0300000015,0000000033,20120116,0000000033,20120116,,0100000008,EUR,9971.01,8379,1592.01,C,A,S,I,D
0300000016,0000000033,20120117,0000000033,20120117,,0100000004,EUR,1829.01,1536.98,292.03,N,I,I,I,I
0300000017,0000000033,20120118,0000000033,20120118,,0100000005,EUR,5055.11,4247.99,807.12,C,A,S,I,D
0300000018,0000000033,20120119,0000000033,20120119,,0100000002,EUR,2510.26,2109.47,400.79,C,A,S,I,D
0300000019,0000000033,20120120,0000000033,20120120,,0100000009,EUR,3974.12,3339.6,634.52,P,A,C,I,I
0300000020,0000000033,20120121,0000000033,20120121,,0100000000,EUR,10329.2,8680,1649.2,C,A,S,I,D
0300000021,0000000033,20120122,0000000033,20120122,,0100000002,EUR,2153.64,1809.78,343.86,X,R,X,I,I
0300000022,0000000033,20120123,0000000033,20120123,,0100000006,EUR,14276.43,11997,2279.43,P,I,C,I,I
0300000023,0000000033,20120124,0000000033,20120124,,0100000008,EUR,3592.61,3019,573.61,P,I,C,I,I
0300000024,0000000033,20120125,0000000033,20120125,,0100000005,EUR,14640.47,12302.92,2337.55,R,R,X,I,I
0300000025,0000000033,20120126,0000000033,20120126,,0100000003,EUR,16748.33,14074.23,2674.1,C,A,S,I,D
0300000026,0000000033,20120127,0000000033,20120127,,0100000003,EUR,13053.03,10968.94,2084.09,N,I,I,I,I
0300000027,0000000033,20120128,0000000033,20120128,,0100000003,EUR,8555.55,7189.54,1366.01,X,R,X,I,I
0300000028,0000000033,20120129,0000000033,20120129,,0100000008,EUR,4977.77,4183,794.77,N,I,I,I,I
0300000029,0000000033,20120130,0000000033,20120130,,0100000004,EUR,3180.85,2672.98,507.87,C,A,S,I,D
0300000030,0000000033,20120131,0000000033,20120131,,0100000006,EUR,25366.04,21316,4050.04,X,R,X,I,I
0300000031,0000000033,20120201,0000000033,20120201,,0100000004,EUR,3470,2915.97,554.03,N,I,I,I,I
0300000032,0000000033,20120202,0000000033,20120202,,0100000006,EUR,23589.37,19823,3766.37,C,A,S,I,D
0300000033,0000000033,20120203,0000000033,20120203,,0100000009,EUR,4444.17,3734.6,709.57,X,R,X,I,I
0300000034,0000000033,20120204,0000000033,20120204,,0100000000,EUR,3453.38,2902,551.38,C,A,S,I,D
0300000035,0000000033,20120205,0000000033,20120205,,0100000002,EUR,8150.94,6849.53,1301.41,X,R,X,I,I
0300000036,0000000033,20120206,0000000033,20120206,,0100000003,EUR,4372.85,3674.67,698.18,R,R,X,I,I
0300000037,0000000033,20120207,0000000033,20120207,,0100000005,EUR,18986.39,15954.94,3031.45,P,I,S,I,I
0300000038,0000000033,20120208,0000000033,20120208,,0100000006,EUR,23408.49,19671,3737.49,N,I,I,I,I
0300000039,0000000033,20120209,0000000033,20120209,,0100000006,EUR,12515.23,10517,1998.23,R,R,X,I,I
0300000040,0000000033,20120210,0000000033,20120210,,0100000008,EUR,9971.01,8379,1592.01,P,I,C,I,I
0300000041,0000000033,20120211,0000000033,20120211,,0100000004,EUR,1829.01,1536.98,292.03,R,R,X,I,I
0300000042,0000000033,20120212,0000000033,20120212,,0100000002,EUR,3772.29,3169.99,602.3,R,R,X,I,I
0300000043,0000000033,20120213,0000000033,20120213,,0100000005,EUR,3729.42,3133.97,595.45,X,R,X,I,I
0300000044,0000000033,20120214,0000000033,20120214,,0100000009,EUR,4878.64,4099.7,778.94,N,I,I,I,I
0300000045,0000000033,20120215,0000000033,20120215,,0100000000,EUR,9222.5,7750,1472.5,X,R,X,I,I
0300000046,0000000033,20120216,0000000033,20120216,,0100000002,EUR,3986.25,3349.79,636.46,X,R,X,I,I
0300000047,0000000033,20120217,0000000033,20120217,,0100000008,EUR,3334.38,2802,532.38,R,R,X,I,I
0300000048,0000000033,20120218,0000000033,20120218,,0100000006,EUR,15898.4,13360,2538.4,X,R,X,I,I
0300000049,0000000033,20120219,0000000033,20120219,,0100000005,EUR,14320.39,12033.94,2286.45,P,A,C,I,I
0300000050,0000000033,20120220,0000000033,20120220,,0100000026,EUR,19189.94,16126,3063.94,P,I,C,I,I
0300000051,0000000033,20120221,0000000033,20120221,,0100000025,EUR,327367.81,275099,52268.81,C,A,S,I,D
0300000052,0000000033,20120222,0000000033,20120222,,0100000022,EUR,21399.77,17983,3416.77,C,A,S,I,D
0300000053,0000000033,20120223,0000000033,20120223,,0100000024,EUR,72391.27,60833,11558.27,X,R,X,I,I
0300000054,0000000033,20120224,0000000033,20120224,,0100000024,EUR,125233.22,105238,19995.22,R,R,X,I,I
0300000055,0000000033,20120225,0000000033,20120225,,0100000021,EUR,11030.11,9269,1761.11,X,R,X,I,I
0300000056,0000000033,20120226,0000000033,20120226,,0100000023,EUR,35817.81,30099,5718.81,X,R,X,I,I
0300000057,0000000033,20120227,0000000033,20120227,,0100000019,EUR,5488.28,4612,876.28,C,A,S,I,D
0300000058,0000000033,20120228,0000000033,20120228,,0100000026,EUR,12195.12,10248,1947.12,N,I,I,I,I
0300000059,0000000033,20120229,0000000033,20120229,,0100000026,EUR,3505.74,2946,559.74,C,A,S,I,D
0300000060,0000000033,20120301,0000000033,20120301,,0100000025,EUR,297553.55,250045,47508.55,P,I,C,I,I
0300000061,0000000033,20120302,0000000033,20120302,,0100000019,EUR,2898.84,2436,462.84,N,I,I,I,I
0300000062,0000000033,20120303,0000000033,20120303,,0100000022,EUR,27716.29,23291,4425.29,N,I,I,I,I
0300000063,0000000033,20120304,0000000033,20120304,,0100000024,EUR,143791.27,120833,22958.27,P,A,S,I,I
0300000064,0000000033,20120305,0000000033,20120305,,0100000024,EUR,107524.83,90357,17167.83,P,A,C,I,I
0300000065,0000000033,20120306,0000000033,20120306,,0100000021,EUR,14147.91,11889,2258.91,X,R,X,I,I
0300000066,0000000033,20120307,0000000033,20120307,,0100000019,EUR,1652.91,1389,263.91,N,I,I,I,I
0300000067,0000000033,20120308,0000000033,20120308,,0100000022,EUR,5911.92,4968,943.92,N,I,I,I,I
0300000068,0000000033,20120309,0000000033,20120309,,0100000025,EUR,148792.84,125036,23756.84,N,I,I,I,I
0300000069,0000000033,20120310,0000000033,20120310,,0100000026,EUR,5283.6,4440,843.6,N,I,I,I,I
0300000070,0000000033,20120311,0000000033,20120311,,0100000026,EUR,13964.65,11735,2229.65,N,I,I,I,I
0300000071,0000000033,20120312,0000000033,20120312,,0100000025,EUR,119010.71,100009,19001.71,X,R,X,I,I
0300000072,0000000033,20120313,0000000033,20120313,,0100000024,EUR,53974.83,45357,8617.83,N,I,I,I,I
0300000073,0000000033,20120314,0000000033,20120314,,0100000021,EUR,7676.69,6451,1225.69,X,R,X,I,I
0300000074,0000000033,20120315,0000000033,20120315,,0100000022,EUR,22006.67,18493,3513.67,N,I,I,I,I
0300000075,0000000033,20120316,0000000033,20120316,,0100000023,EUR,66745.91,56089,10656.91,R,R,X,I,I
0300000076,0000000033,20120317,0000000033,20120317,,0100000023,EUR,66745.91,56089,10656.91,R,R,X,I,I
0300000077,0000000033,20120318,0000000033,20120318,,0100000023,EUR,42474.67,35693,6781.67,R,R,X,I,I
0300000078,0000000033,20120319,0000000033,20120319,,0100000021,EUR,10558.87,8873,1685.87,X,R,X,I,I
0300000079,0000000033,20120320,0000000033,20120320,,0100000019,EUR,3525.97,2963,562.97,N,I,I,I,I
0300000080,0000000033,20120321,0000000033,20120321,,0100000024,EUR,143791.27,120833,22958.27,X,R,X,I,I
0300000081,0000000033,20120322,0000000033,20120322,,0100000019,EUR,2801.26,2354,447.26,X,R,X,I,I
0300000082,0000000033,20120323,0000000033,20120323,,0100000024,EUR,143791.27,120833,22958.27,X,R,X,I,I
0300000083,0000000033,20120324,0000000033,20120324,,0100000026,EUR,8739.36,7344,1395.36,R,R,X,I,I
0300000084,0000000033,20120325,0000000033,20120325,,0100000026,EUR,6961.5,5850,1111.5,C,A,S,I,D
0300000085,0000000033,20120326,0000000033,20120326,,0100000025,EUR,148857.1,125090,23767.1,C,A,S,I,D
0300000086,0000000033,20120327,0000000033,20120327,,0100000023,EUR,24271.24,20396,3875.24,C,A,S,I,D
0300000087,0000000033,20120328,0000000033,20120328,,0100000022,EUR,30368.8,25520,4848.8,X,R,X,I,I
0300000088,0000000033,20120329,0000000033,20120329,,0100000024,EUR,126082.88,105952,20130.88,C,A,S,I,D
0300000089,0000000033,20120330,0000000033,20120330,,0100000024,EUR,54399.66,45714,8685.66,X,R,X,I,I
0300000090,0000000033,20120331,0000000033,20120331,,0100000021,EUR,15471.19,13001,2470.19,C,A,S,I,D
0300000091,0000000033,20120401,0000000033,20120401,,0100000019,EUR,1970.64,1656,314.64,P,A,C,I,I
0300000092,0000000033,20120402,0000000033,20120402,,0100000025,EUR,29771.42,25018,4753.42,R,R,X,I,I
0300000093,0000000033,20120403,0000000033,20120403,,0100000022,EUR,12430.74,10446,1984.74,P,A,C,I,I
0300000094,0000000033,20120404,0000000033,20120404,,0100000026,EUR,12186.79,10241,1945.79,N,I,I,I,I
0300000095,0000000033,20120405,0000000033,20120405,,0100000026,EUR,13964.65,11735,2229.65,R,R,X,I,I
0300000096,0000000033,20120406,0000000033,20120406,,0100000025,EUR,119010.71,100009,19001.71,P,I,S,I,I
0300000097,0000000033,20120407,0000000033,20120407,,0100000021,EUR,4676.7,3930,746.7,P,I,S,I,I
0300000098,0000000033,20120408,0000000033,20120408,,0100000024,EUR,89816.44,75476,14340.44,X,R,X,I,I
0300000099,0000000033,20120409,0000000033,20120409,,0100000022,EUR,30166.5,25350,4816.5,P,I,S,I,I
0300000100,0000000033,20120410,0000000033,20120410,,0100000012,EUR,12209.4,10260,1949.4,R,R,X,I,I
0300000101,0000000033,20120411,0000000033,20120411,,0100000011,EUR,8491.12,7135.4,1355.72,X,R,X,I,I
0300000102,0000000033,20120412,0000000033,20120412,,0100000015,EUR,2346.68,1972,374.68,P,A,S,I,I
0300000103,0000000033,20120413,0000000033,20120413,,0100000013,EUR,5933.58,4986.2,947.38,X,R,X,I,I
0300000104,0000000033,20120414,0000000033,20120414,,0100000013,EUR,5928.1,4981.6,946.5,R,R,X,I,I
0300000105,0000000033,20120415,0000000033,20120415,,0100000014,EUR,9080.89,7631,1449.89,N,I,I,I,I
0300000106,0000000033,20120416,0000000033,20120416,,0100000016,EUR,10253.04,8616,1637.04,C,A,S,I,D
0300000107,0000000033,20120417,0000000033,20120417,,0100000017,EUR,7275.66,6114,1161.66,X,R,X,I,I
0300000108,0000000033,20120418,0000000033,20120418,,0100000018,EUR,4551.75,3825,726.75,P,I,S,I,I
0300000109,0000000033,20120419,0000000033,20120419,,0100000012,EUR,3148.74,2646,502.74,N,I,I,I,I
0300000110,0000000033,20120420,0000000033,20120420,,0100000011,EUR,4955.51,4164.3,791.21,R,R,X,I,I
0300000111,0000000033,20120421,0000000033,20120421,,0100000017,EUR,4131.68,3472,659.68,C,A,S,I,D
0300000112,0000000033,20120422,0000000033,20120422,,0100000015,EUR,3420.06,2874,546.06,X,R,X,I,I
0300000113,0000000033,20120423,0000000033,20120423,,0100000013,EUR,9608.29,8074.2,1534.09,R,R,X,I,I
0300000114,0000000033,20120424,0000000033,20120424,,0100000013,EUR,6536.55,5492.9,1043.65,C,A,S,I,D
0300000115,0000000033,20120425,0000000033,20120425,,0100000014,EUR,10980.13,9227,1753.13,R,R,X,I,I
0300000116,0000000033,20120426,0000000033,20120426,,0100000017,EUR,3996.02,3358,638.02,C,A,S,I,D
0300000117,0000000033,20120427,0000000033,20120427,,0100000015,EUR,49.98,42,7.98,R,R,X,I,I
0300000118,0000000033,20120428,0000000033,20120428,,0100000011,EUR,2343.94,1969.7,374.24,P,A,S,I,I
0300000119,0000000033,20120429,0000000033,20120429,,0100000018,EUR,2595.39,2181,414.39,P,A,C,I,I
0300000120,0000000033,20120430,0000000033,20120430,,0100000012,EUR,9107.07,7653,1454.07,P,I,C,I,I
0300000121,0000000033,20120501,0000000033,20120501,,0100000011,EUR,1514.63,1272.8,241.83,R,R,X,I,I
0300000122,0000000033,20120502,0000000033,20120502,,0100000013,EUR,4288.64,3603.9,684.74,N,I,I,I,I
0300000123,0000000033,20120503,0000000033,20120503,,0100000014,EUR,4272.1,3590,682.1,P,A,C,I,I
0300000124,0000000033,20120504,0000000033,20120504,,0100000015,EUR,2446.64,2056,390.64,N,I,I,I,I
0300000125,0000000033,20120505,0000000033,20120505,,0100000016,EUR,19189.94,16126,3063.94,C,A,S,I,D
0300000126,0000000033,20120506,0000000033,20120506,,0100000016,EUR,19189.94,16126,3063.94,R,R,X,I,I
0300000127,0000000033,20120507,0000000033,20120507,,0100000016,EUR,12211.78,10262,1949.78,N,I,I,I,I
0300000128,0000000033,20120508,0000000033,20120508,,0100000014,EUR,8752.45,7355,1397.45,P,A,C,I,I
0300000129,0000000033,20120509,0000000033,20120509,,0100000017,EUR,2291.94,1926,365.94,X,R,X,I,I
0300000130,0000000033,20120510,0000000033,20120510,,0100000013,EUR,11640.81,9782.2,1858.61,R,R,X,I,I
0300000131,0000000033,20120511,0000000033,20120511,,0100000017,EUR,5971.42,5018,953.42,R,R,X,I,I
0300000132,0000000033,20120512,0000000033,20120512,,0100000013,EUR,9401.11,7900.1,1501.01,X,R,X,I,I
0300000133,0000000033,20120513,0000000033,20120513,,0100000018,EUR,3573.57,3003,570.57,C,A,S,I,D
0300000134,0000000033,20120514,0000000033,20120514,,0100000012,EUR,3148.74,2646,502.74,R,R,X,I,I
0300000135,0000000033,20120515,0000000033,20120515,,0100000011,EUR,7783.31,6540.6,1242.71,C,A,S,I,D
0300000136,0000000033,20120516,0000000033,20120516,,0100000016,EUR,6978.16,5864,1114.16,C,A,S,I,D
0300000137,0000000033,20120517,0000000033,20120517,,0100000015,EUR,3420.06,2874,546.06,R,R,X,I,I
0300000138,0000000033,20120518,0000000033,20120518,,0100000013,EUR,9608.29,8074.2,1534.09,N,I,I,I,I
0300000139,0000000033,20120519,0000000033,20120519,,0100000013,EUR,6536.55,5492.9,1043.65,P,I,C,I,I
0300000140,0000000033,20120520,0000000033,20120520,,0100000014,EUR,10980.13,9227,1753.13,N,I,I,I,I
0300000141,0000000033,20120521,0000000033,20120521,,0100000017,EUR,3996.02,3358,638.02,P,I,S,I,I
0300000142,0000000033,20120522,0000000033,20120522,,0100000011,EUR,1909.83,1604.9,304.93,R,R,X,I,I
0300000143,0000000033,20120523,0000000033,20120523,,0100000015,EUR,2708.44,2276,432.44,C,A,S,I,D
0300000144,0000000033,20120524,0000000033,20120524,,0100000018,EUR,2990.47,2513,477.47,R,R,X,I,I
0300000145,0000000033,20120525,0000000033,20120525,,0100000012,EUR,9399.81,7899,1500.81,R,R,X,I,I
0300000146,0000000033,20120526,0000000033,20120526,,0100000011,EUR,2191.74,1841.8,349.94,P,A,C,I,I
0300000147,0000000033,20120527,0000000033,20120527,,0100000014,EUR,6379.59,5361,1018.59,X,R,X,I,I
0300000148,0000000033,20120528,0000000033,20120528,,0100000013,EUR,4704.66,3953.5,751.16,N,I,I,I,I
0300000149,0000000033,20120529,0000000033,20120529,,0100000015,EUR,3320.1,2790,530.1,P,A,C,I,I
0300000150,0000000033,20120530,0000000033,20120530,,0100000028,EUR,11951.17,10043,1908.17,R,R,X,I,I
0300000151,0000000033,20120531,0000000033,20120531,,0100000030,EUR,19844.44,16676,3168.44,P,A,S,I,I
0300000152,0000000033,20120601,0000000033,20120601,,0100000031,EUR,6676.5,5610.5,1066,R,R,X,I,I
0300000153,0000000033,20120602,0000000033,20120602,,0100000032,EUR,4589.84,3857,732.84,P,I,C,I,I
0300000154,0000000033,20120603,0000000033,20120603,,0100000032,EUR,1335.78,1122.5,213.28,P,A,S,I,I
0300000155,0000000033,20120604,0000000033,20120604,,0100000033,EUR,1552.36,1304.5,247.86,P,A,S,I,I
0300000156,0000000033,20120605,0000000033,20120605,,0100000034,EUR,5854.8,4920,934.8,N,I,I,I,I
0300000157,0000000033,20120606,0000000033,20120606,,0100000035,EUR,1123.71,944.3,179.41,R,R,X,I,I
0300000158,0000000033,20120607,0000000033,20120607,,0100000027,EUR,7225.68,6072,1153.68,P,A,C,I,I
0300000159,0000000033,20120608,0000000033,20120608,,0100000028,EUR,4312.56,3624,688.56,C,A,S,I,D
0300000160,0000000033,20120609,0000000033,20120609,,0100000030,EUR,9174.9,7710,1464.9,N,I,I,I,I
0300000161,0000000033,20120610,0000000033,20120610,,0100000035,EUR,604.04,507.6,96.44,P,I,C,I,I
0300000162,0000000033,20120611,0000000033,20120611,,0100000031,EUR,9534.88,8012.5,1522.38,N,I,I,I,I
0300000163,0000000033,20120612,0000000033,20120612,,0100000032,EUR,4606.5,3871,735.5,P,A,S,I,I
0300000164,0000000033,20120613,0000000033,20120613,,0100000032,EUR,1984.93,1668,316.93,X,R,X,I,I
0300000165,0000000033,20120614,0000000033,20120614,,0100000033,EUR,1941.5,1631.5,310,P,I,S,I,I
0300000166,0000000033,20120615,0000000033,20120615,,0100000035,EUR,404.12,339.6,64.52,N,I,I,I,I
0300000167,0000000033,20120616,0000000033,20120616,,0100000031,EUR,956.76,804,152.76,P,A,S,I,I
0300000168,0000000033,20120617,0000000033,20120617,,0100000030,EUR,7247.1,6090,1157.1,R,R,X,I,I
0300000169,0000000033,20120618,0000000033,20120618,,0100000027,EUR,12880.56,10824,2056.56,N,I,I,I,I
0300000170,0000000033,20120619,0000000033,20120619,,0100000028,EUR,9761.57,8203,1558.57,X,R,X,I,I
0300000171,0000000033,20120620,0000000033,20120620,,0100000030,EUR,1896.86,1594,302.86,N,I,I,I,I
0300000172,0000000033,20120621,0000000033,20120621,,0100000032,EUR,1972.43,1657.5,314.93,R,R,X,I,I
0300000173,0000000033,20120622,0000000033,20120622,,0100000033,EUR,782.43,657.5,124.93,P,A,S,I,I
0300000174,0000000033,20120623,0000000033,20120623,,0100000031,EUR,9528.94,8007.5,1521.44,P,A,S,I,I
0300000175,0000000033,20120624,0000000033,20120624,,0100000034,EUR,12042.8,10120,1922.8,R,R,X,I,I
0300000176,0000000033,20120625,0000000033,20120625,,0100000034,EUR,12042.8,10120,1922.8,X,R,X,I,I
0300000177,0000000033,20120626,0000000033,20120626,,0100000034,EUR,7663.6,6440,1223.6,R,R,X,I,I
0300000178,0000000033,20120627,0000000033,20120627,,0100000033,EUR,790.77,664.5,126.27,R,R,X,I,I
0300000179,0000000033,20120628,0000000033,20120628,,0100000035,EUR,635.22,533.8,101.42,C,A,S,I,D
0300000180,0000000033,20120629,0000000033,20120629,,0100000032,EUR,4606.5,3871,735.5,N,I,I,I,I
0300000181,0000000033,20120630,0000000033,20120630,,0100000035,EUR,484.21,406.9,77.31,R,R,X,I,I
0300000182,0000000033,20120701,0000000033,20120701,,0100000032,EUR,4606.5,3871,735.5,P,A,C,I,I
0300000183,0000000033,20120702,0000000033,20120702,,0100000027,EUR,10053.12,8448,1605.12,R,R,X,I,I
0300000184,0000000033,20120703,0000000033,20120703,,0100000028,EUR,2206.26,1854,352.26,X,R,X,I,I
0300000185,0000000033,20120704,0000000033,20120704,,0100000030,EUR,17885.7,15030,2855.7,X,R,X,I,I
0300000186,0000000033,20120705,0000000033,20120705,,0100000034,EUR,4379.2,3680,699.2,C,A,S,I,D
0300000187,0000000033,20120706,0000000033,20120706,,0100000031,EUR,8587.05,7216,1371.05,N,I,I,I,I
0300000188,0000000033,20120707,0000000033,20120707,,0100000032,EUR,5255.64,4416.5,839.14,N,I,I,I,I
0300000189,0000000033,20120708,0000000033,20120708,,0100000032,EUR,3932.37,3304.5,627.87,X,R,X,I,I
0300000190,0000000033,20120709,0000000033,20120709,,0100000033,EUR,1755.26,1475,280.26,X,R,X,I,I
0300000191,0000000033,20120710,0000000033,20120710,,0100000035,EUR,350.93,294.9,56.03,C,A,S,I,D
0300000192,0000000033,20120711,0000000033,20120711,,0100000030,EUR,3577.14,3006,571.14,R,R,X,I,I
0300000193,0000000033,20120712,0000000033,20120712,,0100000031,EUR,4765.96,4005,760.96,C,A,S,I,D
0300000194,0000000033,20120713,0000000033,20120713,,0100000027,EUR,5798.87,4873,925.87,N,I,I,I,I
0300000195,0000000033,20120714,0000000033,20120714,,0100000028,EUR,9761.57,8203,1558.57,P,A,C,I,I
0300000196,0000000033,20120715,0000000033,20120715,,0100000030,EUR,1896.86,1594,302.86,C,A,S,I,D
0300000197,0000000033,20120716,0000000033,20120716,,0100000033,EUR,583.7,490.5,93.2,R,R,X,I,I
0300000198,0000000033,20120717,0000000033,20120717,,0100000032,EUR,2634.07,2213.5,420.57,N,I,I,I,I
0300000199,0000000033,20120718,0000000033,20120718,,0100000031,EUR,7636.24,6417,1219.24,C,A,S,I,D
0300000200,0000000033,20120719,0000000033,20120719,,0100000044,EUR,11689.24,9822.89,1866.35,R,R,X,I,I
0300000201,0000000033,20120720,0000000033,20120720,,0100000036,EUR,4983.37,4187.7,795.67,P,I,S,I,I
0300000202,0000000033,20120721,0000000033,20120721,,0100000038,EUR,724.71,609,115.71,R,R,X,I,I
0300000203,0000000033,20120722,0000000033,20120722,,0100000037,EUR,1872.82,1573.8,299.02,P,A,C,I,I
0300000204,0000000033,20120723,0000000033,20120723,,0100000037,EUR,1240.46,1042.4,198.06,R,R,X,I,I
0300000205,0000000033,20120724,0000000033,20120724,,0100000042,EUR,12794.88,10752,2042.88,N,I,I,I,I
0300000206,0000000033,20120725,0000000033,20120725,,0100000044,EUR,1294.71,1087.99,206.72,R,R,X,I,I
0300000207,0000000033,20120726,0000000033,20120726,,0100000041,EUR,2645.37,2223,422.37,C,A,S,I,D
0300000208,0000000033,20120727,0000000033,20120727,,0100000043,EUR,16526.72,13888,2638.72,N,I,I,I,I
0300000209,0000000033,20120728,0000000033,20120728,,0100000044,EUR,4157.82,3493.96,663.86,X,R,X,I,I
0300000210,0000000033,20120729,0000000033,20120729,,0100000036,EUR,2751.29,2312,439.29,X,R,X,I,I
0300000211,0000000033,20120730,0000000033,20120730,,0100000041,EUR,1423.24,1196,227.24,N,I,I,I,I
0300000212,0000000033,20120731,0000000033,20120731,,0100000038,EUR,1006.74,846,160.74,P,I,S,I,I
0300000213,0000000033,20120801,0000000033,20120801,,0100000037,EUR,2354.54,1978.6,375.94,P,I,S,I,I
0300000214,0000000033,20120802,0000000033,20120802,,0100000037,EUR,1318.76,1108.2,210.56,X,R,X,I,I
0300000215,0000000033,20120803,0000000033,20120803,,0100000042,EUR,16148.3,13570,2578.3,X,R,X,I,I
0300000216,0000000033,20120804,0000000033,20120804,,0100000041,EUR,959.14,806,153.14,R,R,X,I,I
0300000217,0000000033,20120805,0000000033,20120805,,0100000038,EUR,132.09,111,21.09,P,A,S,I,I
0300000218,0000000033,20120806,0000000033,20120806,,0100000036,EUR,1909.36,1604.5,304.86,X,R,X,I,I
0300000219,0000000033,20120807,0000000033,20120807,,0100000043,EUR,12623.52,10608,2015.52,P,A,C,I,I
0300000220,0000000033,20120808,0000000033,20120808,,0100000044,EUR,9517.53,7997.91,1519.62,X,R,X,I,I
0300000221,0000000033,20120809,0000000033,20120809,,0100000036,EUR,744.71,625.8,118.91,X,R,X,I,I
0300000222,0000000033,20120810,0000000033,20120810,,0100000037,EUR,957.47,804.6,152.87,N,I,I,I,I
0300000223,0000000033,20120811,0000000033,20120811,,0100000042,EUR,7325.64,6156,1169.64,P,A,C,I,I
0300000224,0000000033,20120812,0000000033,20120812,,0100000038,EUR,949.62,798,151.62,P,I,C,I,I
0300000225,0000000033,20120813,0000000033,20120813,,0100000044,EUR,11689.25,9822.89,1866.36,R,R,X,I,I
0300000226,0000000033,20120814,0000000033,20120814,,0100000044,EUR,11689.24,9822.89,1866.35,P,A,S,I,I
0300000227,0000000033,20120815,0000000033,20120815,,0100000044,EUR,7438.62,6250.93,1187.69,N,I,I,I,I
0300000228,0000000033,20120816,0000000033,20120816,,0100000042,EUR,8563.24,7196,1367.24,C,A,S,I,D
0300000229,0000000033,20120817,0000000033,20120817,,0100000041,EUR,1485.12,1248,237.12,C,A,S,I,D
0300000230,0000000033,20120818,0000000033,20120818,,0100000037,EUR,2354.54,1978.6,375.94,N,I,I,I,I
0300000231,0000000033,20120819,0000000033,20120819,,0100000041,EUR,1129.31,949,180.31,X,R,X,I,I
0300000232,0000000033,20120820,0000000033,20120820,,0100000037,EUR,2354.54,1978.6,375.94,X,R,X,I,I
0300000233,0000000033,20120821,0000000033,20120821,,0100000043,EUR,14575.12,12248,2327.12,R,R,X,I,I
0300000234,0000000033,20120822,0000000033,20120822,,0100000044,EUR,2218.14,1863.98,354.16,R,R,X,I,I
0300000235,0000000033,20120823,0000000033,20120823,,0100000036,EUR,4044.22,3398.5,645.72,N,I,I,I,I
0300000236,0000000033,20120824,0000000033,20120824,,0100000044,EUR,4250.63,3571.96,678.67,N,I,I,I,I
0300000237,0000000033,20120825,0000000033,20120825,,0100000038,EUR,960.33,807,153.33,R,R,X,I,I
0300000238,0000000033,20120826,0000000033,20120826,,0100000037,EUR,2432.84,2044.4,388.44,N,I,I,I,I
0300000239,0000000033,20120827,0000000033,20120827,,0100000037,EUR,1553.67,1305.6,248.07,N,I,I,I,I
0300000240,0000000033,20120828,0000000033,20120828,,0100000042,EUR,15709.19,13201,2508.19,R,R,X,I,I
0300000241,0000000033,20120829,0000000033,20120829,,0100000041,EUR,819.91,689,130.91,C,A,S,I,D
0300000242,0000000033,20120830,0000000033,20120830,,0100000036,EUR,808.84,679.7,129.14,N,I,I,I,I
0300000243,0000000033,20120831,0000000033,20120831,,0100000038,EUR,489.09,411,78.09,P,A,S,I,I
0300000244,0000000033,20120901,0000000033,20120901,,0100000043,EUR,15718.71,13209,2509.71,R,R,X,I,I
0300000245,0000000033,20120902,0000000033,20120902,,0100000044,EUR,9517.53,7997.91,1519.62,R,R,X,I,I
0300000246,0000000033,20120903,0000000033,20120903,,0100000036,EUR,744.71,625.8,118.91,X,R,X,I,I
0300000247,0000000033,20120904,0000000033,20120904,,0100000042,EUR,5030.13,4227,803.13,X,R,X,I,I
0300000248,0000000033,20120905,0000000033,20120905,,0100000037,EUR,1397.06,1174,223.06,P,I,S,I,I
0300000249,0000000033,20120906,0000000033,20120906,,0100000038,EUR,885.36,744,141.36,R,R,X,I,I
0300000250,0000000033,20120907,0000000033,20120907,,0100000000,EUR,13224.47,11113,2111.47,R,R,X,I,I
0300000251,0000000033,20120908,0000000033,20120908,,0100000002,EUR,12493.73,10498.94,1994.79,P,I,S,I,I
0300000252,0000000033,20120909,0000000033,20120909,,0100000005,EUR,11666.69,9803.94,1862.75,N,I,I,I,I
0300000253,0000000033,20120910,0000000033,20120910,,0100000006,EUR,16561.23,13917,2644.23,N,I,I,I,I
0300000254,0000000033,20120911,0000000033,20120911,,0100000006,EUR,12515.23,10517,1998.23,C,A,S,I,D
0300000255,0000000033,20120912,0000000033,20120912,,0100000008,EUR,8368.08,7032,1336.08,P,A,S,I,I
0300000256,0000000033,20120913,0000000033,20120913,,0100000003,EUR,6146.19,5164.87,981.32,C,A,S,I,D
0300000257,0000000033,20120914,0000000033,20120914,,0100000004,EUR,5720.31,4806.98,913.33,P,I,S,I,I
0300000258,0000000033,20120915,0000000033,20120915,,0100000009,EUR,4444.17,3734.6,709.57,R,R,X,I,I
0300000259,0000000033,20120916,0000000033,20120916,,0100000000,EUR,3453.38,2902,551.38,R,R,X,I,I
0300000260,0000000033,20120917,0000000033,20120917,,0100000002,EUR,8150.94,6849.53,1301.41,N,I,I,I,I
0300000261,0000000033,20120918,0000000033,20120918,,0100000004,EUR,3040.41,2554.97,485.44,R,R,X,I,I
0300000262,0000000033,20120919,0000000033,20120919,,0100000005,EUR,18986.39,15954.94,3031.45,N,I,I,I,I
0300000263,0000000033,20120920,0000000033,20120920,,0100000006,EUR,23408.49,19671,3737.49,P,I,S,I,I
0300000264,0000000033,20120921,0000000033,20120921,,0100000006,EUR,12515.23,10517,1998.23,R,R,X,I,I
0300000265,0000000033,20120922,0000000033,20120922,,0100000008,EUR,9971.01,8379,1592.01,C,A,S,I,D
0300000266,0000000033,20120923,0000000033,20120923,,0100000004,EUR,1829.01,1536.98,292.03,C,A,S,I,D
0300000267,0000000033,20120924,0000000033,20120924,,0100000005,EUR,5055.11,4247.99,807.12,N,I,I,I,I
0300000268,0000000033,20120925,0000000033,20120925,,0100000002,EUR,2510.26,2109.47,400.79,N,I,I,I,I
0300000269,0000000033,20120926,0000000033,20120926,,0100000009,EUR,3974.12,3339.6,634.52,R,R,X,I,I
0300000270,0000000033,20120927,0000000033,20120927,,0100000000,EUR,10329.2,8680,1649.2,X,R,X,I,I
0300000271,0000000033,20120928,0000000033,20120928,,0100000002,EUR,2153.64,1809.78,343.86,N,I,I,I,I
0300000272,0000000033,20120929,0000000033,20120929,,0100000006,EUR,14276.43,11997,2279.43,P,A,S,I,I
0300000273,0000000033,20120930,0000000033,20120930,,0100000008,EUR,3592.61,3019,573.61,X,R,X,I,I
0300000274,0000000033,20121001,0000000033,20121001,,0100000005,EUR,14640.47,12302.92,2337.55,C,A,S,I,D
0300000275,0000000033,20121002,0000000033,20121002,,0100000003,EUR,16748.33,14074.23,2674.1,N,I,I,I,I
0300000276,0000000033,20121003,0000000033,20121003,,0100000003,EUR,13053.03,10968.94,2084.09,C,A,S,I,D
0300000277,0000000033,20121004,0000000033,20121004,,0100000003,EUR,8555.55,7189.54,1366.01,R,R,X,I,I
0300000278,0000000033,20121005,0000000033,20121005,,0100000008,EUR,4977.77,4183,794.77,C,A,S,I,D
0300000279,0000000033,20121006,0000000033,20121006,,0100000004,EUR,3180.85,2672.98,507.87,C,A,S,I,D
0300000280,0000000033,20121007,0000000033,20121007,,0100000006,EUR,25366.04,21316,4050.04,R,R,X,I,I
0300000281,0000000033,20121008,0000000033,20121008,,0100000004,EUR,3470,2915.97,554.03,X,R,X,I,I
0300000282,0000000033,20121009,0000000033,20121009,,0100000006,EUR,23589.37,19823,3766.37,X,R,X,I,I
0300000283,0000000033,20121010,0000000033,20121010,,0100000009,EUR,4444.17,3734.6,709.57,C,A,S,I,D
0300000284,0000000033,20121011,0000000033,20121011,,0100000000,EUR,3453.38,2902,551.38,C,A,S,I,D
0300000285,0000000033,20121012,0000000033,20121012,,0100000002,EUR,8150.94,6849.53,1301.41,R,R,X,I,I
0300000286,0000000033,20121013,0000000033,20121013,,0100000003,EUR,4372.85,3674.67,698.18,C,A,S,I,D
0300000287,0000000033,20121014,0000000033,20121014,,0100000005,EUR,18986.39,15954.94,3031.45,P,I,C,I,I
0300000288,0000000033,20121015,0000000033,20121015,,0100000006,EUR,23408.49,19671,3737.49,X,R,X,I,I
0300000289,0000000033,20121016,0000000033,20121016,,0100000006,EUR,12515.23,10517,1998.23,X,R,X,I,I
0300000290,0000000033,20121017,0000000033,20121017,,0100000008,EUR,9971.01,8379,1592.01,P,I,S,I,I
0300000291,0000000033,20121018,0000000033,20121018,,0100000004,EUR,1829.01,1536.98,292.03,N,I,I,I,I
0300000292,0000000033,20121019,0000000033,20121019,,0100000002,EUR,3772.29,3169.99,602.3,R,R,X,I,I
0300000293,0000000033,20121020,0000000033,20121020,,0100000005,EUR,3729.42,3133.97,595.45,C,A,S,I,D
0300000294,0000000033,20121021,0000000033,20121021,,0100000009,EUR,4878.64,4099.7,778.94,R,R,X,I,I
0300000295,0000000033,20121022,0000000033,20121022,,0100000000,EUR,9222.5,7750,1472.5,X,R,X,I,I
0300000296,0000000033,20121023,0000000033,20121023,,0100000002,EUR,3986.25,3349.79,636.46,P,A,S,I,I
0300000297,0000000033,20121024,0000000033,20121024,,0100000008,EUR,3334.38,2802,532.38,R,R,X,I,I
0300000298,0000000033,20121025,0000000033,20121025,,0100000006,EUR,15898.4,13360,2538.4,N,I,I,I,I
0300000299,0000000033,20121026,0000000033,20121026,,0100000005,EUR,14320.39,12033.94,2286.45,X,R,X,I,I
0300000300,0000000033,20121027,0000000033,20121027,,0100000026,EUR,19189.94,16126,3063.94,P,A,S,I,I
0300000301,0000000033,20121028,0000000033,20121028,,0100000025,EUR,327367.81,275099,52268.81,R,R,X,I,I
0300000302,0000000033,20121029,0000000033,20121029,,0100000022,EUR,21399.77,17983,3416.77,N,I,I,I,I
0300000303,0000000033,20121030,0000000033,20121030,,0100000024,EUR,72391.27,60833,11558.27,C,A,S,I,D
0300000304,0000000033,20121031,0000000033,20121031,,0100000024,EUR,125233.22,105238,19995.22,P,I,S,I,I
0300000305,0000000033,20121101,0000000033,20121101,,0100000021,EUR,11030.11,9269,1761.11,X,R,X,I,I
0300000306,0000000033,20121102,0000000033,20121102,,0100000023,EUR,35817.81,30099,5718.81,X,R,X,I,I
0300000307,0000000033,20121103,0000000033,20121103,,0100000019,EUR,5488.28,4612,876.28,N,I,I,I,I
0300000308,0000000033,20121104,0000000033,20121104,,0100000026,EUR,12195.12,10248,1947.12,P,A,C,I,I
0300000309,0000000033,20121105,0000000033,20121105,,0100000026,EUR,3505.74,2946,559.74,R,R,X,I,I
0300000310,0000000033,20121106,0000000033,20121106,,0100000025,EUR,297553.55,250045,47508.55,C,A,S,I,D
0300000311,0000000033,20121107,0000000033,20121107,,0100000019,EUR,2898.84,2436,462.84,X,R,X,I,I
0300000312,0000000033,20121108,0000000033,20121108,,0100000022,EUR,27716.29,23291,4425.29,X,R,X,I,I
0300000313,0000000033,20121109,0000000033,20121109,,0100000024,EUR,143791.27,120833,22958.27,C,A,S,I,D
0300000314,0000000033,20121110,0000000033,20121110,,0100000024,EUR,107524.83,90357,17167.83,P,A,S,I,I
0300000315,0000000033,20121111,0000000033,20121111,,0100000021,EUR,14147.91,11889,2258.91,N,I,I,I,I
0300000316,0000000033,20121112,0000000033,20121112,,0100000019,EUR,1652.91,1389,263.91,P,I,C,I,I
0300000317,0000000033,20121113,0000000033,20121113,,0100000022,EUR,5911.92,4968,943.92,N,I,I,I,I
0300000318,0000000033,20121114,0000000033,20121114,,0100000025,EUR,148792.84,125036,23756.84,X,R,X,I,I
0300000319,0000000033,20121115,0000000033,20121115,,0100000026,EUR,5283.6,4440,843.6,X,R,X,I,I
0300000320,0000000033,20121116,0000000033,20121116,,0100000026,EUR,13964.65,11735,2229.65,R,R,X,I,I
0300000321,0000000033,20121117,0000000033,20121117,,0100000025,EUR,119010.71,100009,19001.71,C,A,S,I,D
0300000322,0000000033,20121118,0000000033,20121118,,0100000024,EUR,53974.83,45357,8617.83,X,R,X,I,I
0300000323,0000000033,20121119,0000000033,20121119,,0100000021,EUR,7676.69,6451,1225.69,N,I,I,I,I
0300000324,0000000033,20121120,0000000033,20121120,,0100000022,EUR,22006.67,18493,3513.67,N,I,I,I,I
0300000325,0000000033,20121121,0000000033,20121121,,0100000023,EUR,66745.91,56089,10656.91,C,A,S,I,D
0300000326,0000000033,20121122,0000000033,20121122,,0100000023,EUR,66745.91,56089,10656.91,P,A,S,I,I
0300000327,0000000033,20121123,0000000033,20121123,,0100000023,EUR,42474.67,35693,6781.67,N,I,I,I,I
0300000328,0000000033,20121124,0000000033,20121124,,0100000021,EUR,10558.87,8873,1685.87,R,R,X,I,I
0300000329,0000000033,20121125,0000000033,20121125,,0100000019,EUR,3525.97,2963,562.97,X,R,X,I,I
0300000330,0000000033,20121126,0000000033,20121126,,0100000024,EUR,143791.27,120833,22958.27,N,I,I,I,I
0300000331,0000000033,20121127,0000000033,20121127,,0100000019,EUR,2801.26,2354,447.26,C,A,S,I,D
0300000332,0000000033,20121128,0000000033,20121128,,0100000024,EUR,143791.27,120833,22958.27,R,R,X,I,I
0300000333,0000000033,20121129,0000000033,20121129,,0100000026,EUR,8739.36,7344,1395.36,P,I,S,I,I
0300000334,0000000033,20121130,0000000033,20121130,,0100000026,EUR,6961.5,5850,1111.5,X,R,X,I,I
0300000335,0000000033,20121201,0000000033,20121201,,0100000025,EUR,148857.1,125090,23767.1,R,R,X,I,I
0300000336,0000000033,20121202,0000000033,20121202,,0100000023,EUR,24271.24,20396,3875.24,N,I,I,I,I
0300000337,0000000033,20121203,0000000033,20121203,,0100000022,EUR,30368.8,25520,4848.8,X,R,X,I,I
0300000338,0000000033,20121204,0000000033,20121204,,0100000024,EUR,126082.88,105952,20130.88,P,I,C,I,I
0300000339,0000000033,20121205,0000000033,20121205,,0100000024,EUR,54399.66,45714,8685.66,P,A,S,I,I
0300000340,0000000033,20121206,0000000033,20121206,,0100000021,EUR,15471.19,13001,2470.19,P,A,C,I,I
0300000341,0000000033,20121207,0000000033,20121207,,0100000019,EUR,1970.64,1656,314.64,R,R,X,I,I
0300000342,0000000033,20121208,0000000033,20121208,,0100000025,EUR,29771.42,25018,4753.42,R,R,X,I,I
0300000343,0000000033,20121209,0000000033,20121209,,0100000022,EUR,12430.74,10446,1984.74,R,R,X,I,I
0300000344,0000000033,20121210,0000000033,20121210,,0100000026,EUR,12186.79,10241,1945.79,C,A,S,I,D
0300000345,0000000033,20121211,0000000033,20121211,,0100000026,EUR,13964.65,11735,2229.65,N,I,I,I,I
0300000346,0000000033,20121212,0000000033,20121212,,0100000025,EUR,119010.71,100009,19001.71,P,I,S,I,I
0300000347,0000000033,20121213,0000000033,20121213,,0100000021,EUR,4676.7,3930,746.7,C,A,S,I,D
0300000348,0000000033,20121214,0000000033,20121214,,0100000024,EUR,89816.44,75476,14340.44,X,R,X,I,I
0300000349,0000000033,20121215,0000000033,20121215,,0100000022,EUR,30166.5,25350,4816.5,N,I,I,I,I
0300000350,0000000033,20121216,0000000033,20121216,,0100000012,EUR,12209.4,10260,1949.4,C,A,S,I,D
0300000351,0000000033,20121217,0000000033,20121217,,0100000011,EUR,8491.12,7135.4,1355.72,R,R,X,I,I
0300000352,0000000033,20121218,0000000033,20121218,,0100000015,EUR,2346.68,1972,374.68,X,R,X,I,I
0300000353,0000000033,20121219,0000000033,20121219,,0100000013,EUR,5933.58,4986.2,947.38,R,R,X,I,I
0300000354,0000000033,20121220,0000000033,20121220,,0100000013,EUR,5928.1,4981.6,946.5,P,A,C,I,I
0300000355,0000000033,20121221,0000000033,20121221,,0100000014,EUR,9080.89,7631,1449.89,C,A,S,I,D
0300000356,0000000033,20121222,0000000033,20121222,,0100000016,EUR,10253.04,8616,1637.04,N,I,I,I,I
0300000357,0000000033,20121223,0000000033,20121223,,0100000017,EUR,7275.66,6114,1161.66,N,I,I,I,I
0300000358,0000000033,20121224,0000000033,20121224,,0100000018,EUR,4551.75,3825,726.75,X,R,X,I,I
0300000359,0000000033,20121225,0000000033,20121225,,0100000012,EUR,3148.74,2646,502.74,C,A,S,I,D
0300000360,0000000033,20121226,0000000033,20121226,,0100000011,EUR,4955.51,4164.3,791.21,C,A,S,I,D
0300000361,0000000033,20121227,0000000033,20121227,,0100000017,EUR,4131.68,3472,659.68,X,R,X,I,I
0300000362,0000000033,20121228,0000000033,20121228,,0100000015,EUR,3420.06,2874,546.06,C,A,S,I,D
0300000363,0000000033,20121229,0000000033,20121229,,0100000013,EUR,9608.29,8074.2,1534.09,X,R,X,I,I
0300000364,0000000033,20121230,0000000033,20121230,,0100000013,EUR,6536.55,5492.9,1043.65,P,A,S,I,I
0300000365,0000000033,20121231,0000000033,20121231,,0100000014,EUR,10980.13,9227,1753.13,R,R,X,I,I
0300000366,0000000033,20120101,0000000033,20120101,,0100000017,EUR,3996.02,3358,638.02,C,A,S,I,D
0300000367,0000000033,20120102,0000000033,20120102,,0100000015,EUR,49.98,42,7.98,C,A,S,I,D
0300000368,0000000033,20120103,0000000033,20120103,,0100000011,EUR,2343.94,1969.7,374.24,R,R,X,I,I
0300000369,0000000033,20120104,0000000033,20120104,,0100000018,EUR,2595.39,2181,414.39,P,I,C,I,I
0300000370,0000000033,20120105,0000000033,20120105,,0100000012,EUR,9107.07,7653,1454.07,X,R,X,I,I
0300000371,0000000033,20120106,0000000033,20120106,,0100000011,EUR,1514.63,1272.8,241.83,R,R,X,I,I
0300000372,0000000033,20120107,0000000033,20120107,,0100000013,EUR,4288.64,3603.9,684.74,X,R,X,I,I
0300000373,0000000033,20120108,0000000033,20120108,,0100000014,EUR,4272.1,3590,682.1,N,I,I,I,I
0300000374,0000000033,20120109,0000000033,20120109,,0100000015,EUR,2446.64,2056,390.64,P,I,C,I,I
0300000375,0000000033,20120110,0000000033,20120110,,0100000016,EUR,19189.94,16126,3063.94,R,R,X,I,I
0300000376,0000000033,20120111,0000000033,20120111,,0100000016,EUR,19189.94,16126,3063.94,P,A,S,I,I
0300000377,0000000033,20120112,0000000033,20120112,,0100000016,EUR,12211.78,10262,1949.78,X,R,X,I,I
0300000378,0000000033,20120113,0000000033,20120113,,0100000014,EUR,8752.45,7355,1397.45,P,A,C,I,I
0300000379,0000000033,20120114,0000000033,20120114,,0100000017,EUR,2291.94,1926,365.94,X,R,X,I,I
0300000380,0000000033,20120115,0000000033,20120115,,0100000013,EUR,11640.81,9782.2,1858.61,P,A,C,I,I
0300000381,0000000033,20120116,0000000033,20120116,,0100000017,EUR,5971.42,5018,953.42,P,I,S,I,I
0300000382,0000000033,20120117,0000000033,20120117,,0100000013,EUR,9401.11,7900.1,1501.01,N,I,I,I,I
0300000383,0000000033,20120118,0000000033,20120118,,0100000018,EUR,3573.57,3003,570.57,X,R,X,I,I
0300000384,0000000033,20120119,0000000033,20120119,,0100000012,EUR,3148.74,2646,502.74,C,A,S,I,D
0300000385,0000000033,20120120,0000000033,20120120,,0100000011,EUR,7783.31,6540.6,1242.71,R,R,X,I,I
0300000386,0000000033,20120121,0000000033,20120121,,0100000016,EUR,6978.16,5864,1114.16,R,R,X,I,I
0300000387,0000000033,20120122,0000000033,20120122,,0100000015,EUR,3420.06,2874,546.06,N,I,I,I,I
0300000388,0000000033,20120123,0000000033,20120123,,0100000013,EUR,9608.29,8074.2,1534.09,R,R,X,I,I
0300000389,0000000033,20120124,0000000033,20120124,,0100000013,EUR,6536.55,5492.9,1043.65,N,I,I,I,I
0300000390,0000000033,20120125,0000000033,20120125,,0100000014,EUR,10980.13,9227,1753.13,R,R,X,I,I
0300000391,0000000033,20120126,0000000033,20120126,,0100000017,EUR,3996.02,3358,638.02,C,A,S,I,D
0300000392,0000000033,20120127,0000000033,20120127,,0100000011,EUR,1909.83,1604.9,304.93,X,R,X,I,I
0300000393,0000000033,20120128,0000000033,20120128,,0100000015,EUR,2708.44,2276,432.44,R,R,X,I,I
0300000394,0000000033,20120129,0000000033,20120129,,0100000018,EUR,2990.47,2513,477.47,N,I,I,I,I
0300000395,0000000033,20120130,0000000033,20120130,,0100000012,EUR,9399.81,7899,1500.81,C,A,S,I,D
0300000396,0000000033,20120131,0000000033,20120131,,0100000011,EUR,2191.74,1841.8,349.94,R,R,X,I,I
0300000397,0000000033,20120201,0000000033,20120201,,0100000014,EUR,6379.59,5361,1018.59,N,I,I,I,I
0300000398,0000000033,20120202,0000000033,20120202,,0100000013,EUR,4704.66,3953.5,751.16,P,A,C,I,I
0300000399,0000000033,20120203,0000000033,20120203,,0100000015,EUR,3320.1,2790,530.1,N,I,I,I,I
0300000400,0000000033,20120204,0000000033,20120204,,0100000028,EUR,11951.17,10043,1908.17,P,A,C,I,I
0300000401,0000000033,20120205,0000000033,20120205,,0100000030,EUR,19844.44,16676,3168.44,C,A,S,I,D
0300000402,0000000033,20120206,0000000033,20120206,,0100000031,EUR,6676.5,5610.5,1066,X,R,X,I,I
0300000403,0000000033,20120207,0000000033,20120207,,0100000032,EUR,4589.84,3857,732.84,R,R,X,I,I
0300000404,0000000033,20120208,0000000033,20120208,,0100000032,EUR,1335.78,1122.5,213.28,N,I,I,I,I
0300000405,0000000033,20120209,0000000033,20120209,,0100000033,EUR,1552.36,1304.5,247.86,X,R,X,I,I
0300000406,0000000033,20120210,0000000033,20120210,,0100000034,EUR,5854.8,4920,934.8,N,I,I,I,I
0300000407,0000000033,20120211,0000000033,20120211,,0100000035,EUR,1123.71,944.3,179.41,N,I,I,I,I
0300000408,0000000033,20120212,0000000033,20120212,,0100000027,EUR,7225.68,6072,1153.68,X,R,X,I,I
0300000409,0000000033,20120213,0000000033,20120213,,0100000028,EUR,4312.56,3624,688.56,X,R,X,I,I
0300000410,0000000033,20120214,0000000033,20120214,,0100000030,EUR,9174.9,7710,1464.9,C,A,S,I,D
0300000411,0000000033,20120215,0000000033,20120215,,0100000035,EUR,604.04,507.6,96.44,X,R,X,I,I
0300000412,0000000033,20120216,0000000033,20120216,,0100000031,EUR,9534.88,8012.5,1522.38,P,I,S,I,I
0300000413,0000000033,20120217,0000000033,20120217,,0100000032,EUR,4606.5,3871,735.5,C,A,S,I,D
0300000414,0000000033,20120218,0000000033,20120218,,0100000032,EUR,1984.93,1668,316.93,C,A,S,I,D
0300000415,0000000033,20120219,0000000033,20120219,,0100000033,EUR,1941.5,1631.5,310,R,R,X,I,I
0300000416,0000000033,20120220,0000000033,20120220,,0100000035,EUR,404.12,339.6,64.52,R,R,X,I,I
0300000417,0000000033,20120221,0000000033,20120221,,0100000031,EUR,956.76,804,152.76,N,I,I,I,I
0300000418,0000000033,20120222,0000000033,20120222,,0100000030,EUR,7247.1,6090,1157.1,C,A,S,I,D
0300000419,0000000033,20120223,0000000033,20120223,,0100000027,EUR,12880.56,10824,2056.56,R,R,X,I,I
0300000420,0000000033,20120224,0000000033,20120224,,0100000028,EUR,9761.57,8203,1558.57,C,A,S,I,D
0300000421,0000000033,20120225,0000000033,20120225,,0100000030,EUR,1896.86,1594,302.86,N,I,I,I,I
0300000422,0000000033,20120226,0000000033,20120226,,0100000032,EUR,1972.43,1657.5,314.93,X,R,X,I,I
0300000423,0000000033,20120227,0000000033,20120227,,0100000033,EUR,782.43,657.5,124.93,N,I,I,I,I
0300000424,0000000033,20120228,0000000033,20120228,,0100000031,EUR,9528.94,8007.5,1521.44,P,I,S,I,I
0300000425,0000000033,20120229,0000000033,20120229,,0100000034,EUR,12042.8,10120,1922.8,R,R,X,I,I
0300000426,0000000033,20120301,0000000033,20120301,,0100000034,EUR,12042.8,10120,1922.8,C,A,S,I,D
0300000427,0000000033,20120302,0000000033,20120302,,0100000034,EUR,7663.6,6440,1223.6,P,I,S,I,I
0300000428,0000000033,20120303,0000000033,20120303,,0100000033,EUR,790.77,664.5,126.27,R,R,X,I,I
0300000429,0000000033,20120304,0000000033,20120304,,0100000035,EUR,635.22,533.8,101.42,C,A,S,I,D
0300000430,0000000033,20120305,0000000033,20120305,,0100000032,EUR,4606.5,3871,735.5,N,I,I,I,I
0300000431,0000000033,20120306,0000000033,20120306,,0100000035,EUR,484.21,406.9,77.31,N,I,I,I,I
0300000432,0000000033,20120307,0000000033,20120307,,0100000032,EUR,4606.5,3871,735.5,R,R,X,I,I
0300000433,0000000033,20120308,0000000033,20120308,,0100000027,EUR,10053.12,8448,1605.12,P,A,S,I,I
0300000434,0000000033,20120309,0000000033,20120309,,0100000028,EUR,2206.26,1854,352.26,C,A,S,I,D
0300000435,0000000033,20120310,0000000033,20120310,,0100000030,EUR,17885.7,15030,2855.7,P,I,C,I,I
0300000436,0000000033,20120311,0000000033,20120311,,0100000034,EUR,4379.2,3680,699.2,X,R,X,I,I
0300000437,0000000033,20120312,0000000033,20120312,,0100000031,EUR,8587.05,7216,1371.05,P,I,S,I,I
0300000438,0000000033,20120313,0000000033,20120313,,0100000032,EUR,5255.64,4416.5,839.14,R,R,X,I,I
0300000439,0000000033,20120314,0000000033,20120314,,0100000032,EUR,3932.37,3304.5,627.87,R,R,X,I,I
0300000440,0000000033,20120315,0000000033,20120315,,0100000033,EUR,1755.26,1475,280.26,R,R,X,I,I
0300000441,0000000033,20120316,0000000033,20120316,,0100000035,EUR,350.93,294.9,56.03,N,I,I,I,I
0300000442,0000000033,20120317,0000000033,20120317,,0100000030,EUR,3577.14,3006,571.14,R,R,X,I,I
0300000443,0000000033,20120318,0000000033,20120318,,0100000031,EUR,4765.96,4005,760.96,P,A,C,I,I
0300000444,0000000033,20120319,0000000033,20120319,,0100000027,EUR,5798.87,4873,925.87,N,I,I,I,I
0300000445,0000000033,20120320,0000000033,20120320,,0100000028,EUR,9761.57,8203,1558.57,N,I,I,I,I
0300000446,0000000033,20120321,0000000033,20120321,,0100000030,EUR,1896.86,1594,302.86,N,I,I,I,I
0300000447,0000000033,20120322,0000000033,20120322,,0100000033,EUR,583.7,490.5,93.2,P,A,C,I,I
0300000448,0000000033,20120323,0000000033,20120323,,0100000032,EUR,2634.07,2213.5,420.57,C,A,S,I,D
0300000449,0000000033,20120324,0000000033,20120324,,0100000031,EUR,7636.24,6417,1219.24,P,I,S,I,I
0300000450,0000000033,20120325,0000000033,20120325,,0100000044,EUR,11689.24,9822.89,1866.35,C,A,S,I,D
0300000451,0000000033,20120326,0000000033,20120326,,0100000036,EUR,4983.37,4187.7,795.67,C,A,S,I,D
0300000452,0000000033,20120327,0000000033,20120327,,0100000038,EUR,724.71,609,115.71,X,R,X,I,I
0300000453,0000000033,20120328,0000000033,20120328,,0100000037,EUR,1872.82,1573.8,299.02,C,A,S,I,D
0300000454,0000000033,20120329,0000000033,20120329,,0100000037,EUR,1240.46,1042.4,198.06,P,I,C,I,I
0300000455,0000000033,20120330,0000000033,20120330,,0100000042,EUR,12794.88,10752,2042.88,X,R,X,I,I
0300000456,0000000033,20120331,0000000033,20120331,,0100000044,EUR,1294.71,1087.99,206.72,C,A,S,I,D
0300000457,0000000033,20120401,0000000033,20120401,,0100000041,EUR,2645.37,2223,422.37,P,A,C,I,I
0300000458,0000000033,20120402,0000000033,20120402,,0100000043,EUR,16526.72,13888,2638.72,R,R,X,I,I
0300000459,0000000033,20120403,0000000033,20120403,,0100000044,EUR,4157.82,3493.96,663.86,C,A,S,I,D
0300000460,0000000033,20120404,0000000033,20120404,,0100000036,EUR,2751.29,2312,439.29,N,I,I,I,I
0300000461,0000000033,20120405,0000000033,20120405,,0100000041,EUR,1423.24,1196,227.24,C,A,S,I,D
0300000462,0000000033,20120406,0000000033,20120406,,0100000038,EUR,1006.74,846,160.74,X,R,X,I,I
0300000463,0000000033,20120407,0000000033,20120407,,0100000037,EUR,2354.54,1978.6,375.94,N,I,I,I,I
0300000464,0000000033,20120408,0000000033,20120408,,0100000037,EUR,1318.76,1108.2,210.56,X,R,X,I,I
0300000465,0000000033,20120409,0000000033,20120409,,0100000042,EUR,16148.3,13570,2578.3,C,A,S,I,D
0300000466,0000000033,20120410,0000000033,20120410,,0100000041,EUR,959.14,806,153.14,R,R,X,I,I
0300000467,0000000033,20120411,0000000033,20120411,,0100000038,EUR,132.09,111,21.09,P,A,C,I,I
0300000468,0000000033,20120412,0000000033,20120412,,0100000036,EUR,1909.36,1604.5,304.86,C,A,S,I,D
0300000469,0000000033,20120413,0000000033,20120413,,0100000043,EUR,12623.52,10608,2015.52,C,A,S,I,D
0300000470,0000000033,20120414,0000000033,20120414,,0100000044,EUR,9517.53,7997.91,1519.62,R,R,X,I,I
0300000471,0000000033,20120415,0000000033,20120415,,0100000036,EUR,744.71,625.8,118.91,X,R,X,I,I
0300000472,0000000033,20120416,0000000033,20120416,,0100000037,EUR,957.47,804.6,152.87,R,R,X,I,I
0300000473,0000000033,20120417,0000000033,20120417,,0100000042,EUR,7325.64,6156,1169.64,N,I,I,I,I
0300000474,0000000033,20120418,0000000033,20120418,,0100000038,EUR,949.62,798,151.62,C,A,S,I,D
0300000475,0000000033,20120419,0000000033,20120419,,0100000044,EUR,11689.25,9822.89,1866.36,N,I,I,I,I
0300000476,0000000033,20120420,0000000033,20120420,,0100000044,EUR,11689.24,9822.89,1866.35,P,A,S,I,I
0300000477,0000000033,20120421,0000000033,20120421,,0100000044,EUR,7438.62,6250.93,1187.69,X,R,X,I,I
0300000478,0000000033,20120422,0000000033,20120422,,0100000042,EUR,8563.24,7196,1367.24,C,A,S,I,D
0300000479,0000000033,20120423,0000000033,20120423,,0100000041,EUR,1485.12,1248,237.12,P,A,C,I,I
0300000480,0000000033,20120424,0000000033,20120424,,0100000037,EUR,2354.54,1978.6,375.94,N,I,I,I,I
0300000481,0000000033,20120425,0000000033,20120425,,0100000041,EUR,1129.31,949,180.31,N,I,I,I,I
0300000482,0000000033,20120426,0000000033,20120426,,0100000037,EUR,2354.54,1978.6,375.94,C,A,S,I,D
0300000483,0000000033,20120427,0000000033,20120427,,0100000043,EUR,14575.12,12248,2327.12,X,R,X,I,I
0300000484,0000000033,20120428,0000000033,20120428,,0100000044,EUR,2218.14,1863.98,354.16,C,A,S,I,D
0300000485,0000000033,20120429,0000000033,20120429,,0100000036,EUR,4044.22,3398.5,645.72,X,R,X,I,I
0300000486,0000000033,20120430,0000000033,20120430,,0100000044,EUR,4250.63,3571.96,678.67,N,I,I,I,I
0300000487,0000000033,20120501,0000000033,20120501,,0100000038,EUR,960.33,807,153.33,N,I,I,I,I
0300000488,0000000033,20120502,0000000033,20120502,,0100000037,EUR,2432.84,2044.4,388.44,N,I,I,I,I
0300000489,0000000033,20120503,0000000033,20120503,,0100000037,EUR,1553.67,1305.6,248.07,R,R,X,I,I
0300000490,0000000033,20120504,0000000033,20120504,,0100000042,EUR,15709.19,13201,2508.19,C,A,S,I,D
0300000491,0000000033,20120505,0000000033,20120505,,0100000041,EUR,819.91,689,130.91,R,R,X,I,I
0300000492,0000000033,20120506,0000000033,20120506,,0100000036,EUR,808.84,679.7,129.14,X,R,X,I,I
0300000493,0000000033,20120507,0000000033,20120507,,0100000038,EUR,489.09,411,78.09,R,R,X,I,I
0300000494,0000000033,20120508,0000000033,20120508,,0100000043,EUR,15718.71,13209,2509.71,N,I,I,I,I
0300000495,0000000033,20120509,0000000033,20120509,,0100000044,EUR,9517.53,7997.91,1519.62,R,R,X,I,I
0300000496,0000000033,20120510,0000000033,20120510,,0100000036,EUR,744.71,625.8,118.91,C,A,S,I,D
0300000497,0000000033,20120511,0000000033,20120511,,0100000042,EUR,5030.13,4227,803.13,C,A,S,I,D
0300000498,0000000033,20120512,0000000033,20120512,,0100000037,EUR,1397.06,1174,223.06,P,I,C,I,I
0300000499,0000000033,20120513,0000000033,20120513,,0100000038,EUR,885.36,744,141.36,N,I,I,I,I
0300000500,0000000033,20120514,0000000033,20120514,,0100000000,EUR,13224.47,11113,2111.47,X,R,X,I,I
0300000501,0000000033,20120515,0000000033,20120515,,0100000002,EUR,12493.73,10498.94,1994.79,C,A,S,I,D
0300000502,0000000033,20120516,0000000033,20120516,,0100000005,EUR,11666.69,9803.94,1862.75,N,I,I,I,I
0300000503,0000000033,20120517,0000000033,20120517,,0100000006,EUR,16561.23,13917,2644.23,R,R,X,I,I
0300000504,0000000033,20120518,0000000033,20120518,,0100000006,EUR,12515.23,10517,1998.23,X,R,X,I,I
0300000505,0000000033,20120519,0000000033,20120519,,0100000008,EUR,8368.08,7032,1336.08,P,I,C,I,I
0300000506,0000000033,20120520,0000000033,20120520,,0100000003,EUR,6146.19,5164.87,981.32,N,I,I,I,I
0300000507,0000000033,20120521,0000000033,20120521,,0100000004,EUR,5720.31,4806.98,913.33,N,I,I,I,I
0300000508,0000000033,20120522,0000000033,20120522,,0100000009,EUR,4444.17,3734.6,709.57,P,I,C,I,I
0300000509,0000000033,20120523,0000000033,20120523,,0100000000,EUR,3453.38,2902,551.38,N,I,I,I,I
0300000510,0000000033,20120524,0000000033,20120524,,0100000002,EUR,8150.94,6849.53,1301.41,X,R,X,I,I
0300000511,0000000033,20120525,0000000033,20120525,,0100000004,EUR,3040.41,2554.97,485.44,R,R,X,I,I
0300000512,0000000033,20120526,0000000033,20120526,,0100000005,EUR,18986.39,15954.94,3031.45,P,A,S,I,I
0300000513,0000000033,20120527,0000000033,20120527,,0100000006,EUR,23408.49,19671,3737.49,R,R,X,I,I
0300000514,0000000033,20120528,0000000033,20120528,,0100000006,EUR,12515.23,10517,1998.23,P,A,S,I,I
0300000515,0000000033,20120529,0000000033,20120529,,0100000008,EUR,9971.01,8379,1592.01,R,R,X,I,I
0300000516,0000000033,20120530,0000000033,20120530,,0100000004,EUR,1829.01,1536.98,292.03,N,I,I,I,I
0300000517,0000000033,20120531,0000000033,20120531,,0100000005,EUR,5055.11,4247.99,807.12,P,I,C,I,I
0300000518,0000000033,20120601,0000000033,20120601,,0100000002,EUR,2510.26,2109.47,400.79,R,R,X,I,I
0300000519,0000000033,20120602,0000000033,20120602,,0100000009,EUR,3974.12,3339.6,634.52,C,A,S,I,D
0300000520,0000000033,20120603,0000000033,20120603,,0100000000,EUR,10329.2,8680,1649.2,R,R,X,I,I
0300000521,0000000033,20120604,0000000033,20120604,,0100000002,EUR,2153.64,1809.78,343.86,P,A,C,I,I
0300000522,0000000033,20120605,0000000033,20120605,,0100000006,EUR,14276.43,11997,2279.43,N,I,I,I,I
0300000523,0000000033,20120606,0000000033,20120606,,0100000008,EUR,3592.61,3019,573.61,P,I,S,I,I
0300000524,0000000033,20120607,0000000033,20120607,,0100000005,EUR,14640.47,12302.92,2337.55,N,I,I,I,I
0300000525,0000000033,20120608,0000000033,20120608,,0100000003,EUR,16748.33,14074.23,2674.1,P,I,S,I,I
0300000526,0000000033,20120609,0000000033,20120609,,0100000003,EUR,13053.03,10968.94,2084.09,X,R,X,I,I
0300000527,0000000033,20120610,0000000033,20120610,,0100000003,EUR,8555.55,7189.54,1366.01,P,A,S,I,I
0300000528,0000000033,20120611,0000000033,20120611,,0100000008,EUR,4977.77,4183,794.77,C,A,S,I,D
0300000529,0000000033,20120612,0000000033,20120612,,0100000004,EUR,3180.85,2672.98,507.87,N,I,I,I,I
0300000530,0000000033,20120613,0000000033,20120613,,0100000006,EUR,25366.04,21316,4050.04,P,I,C,I,I
0300000531,0000000033,20120614,0000000033,20120614,,0100000004,EUR,3470,2915.97,554.03,C,A,S,I,D
0300000532,0000000033,20120615,0000000033,20120615,,0100000006,EUR,23589.37,19823,3766.37,P,A,C,I,I
0300000533,0000000033,20120616,0000000033,20120616,,0100000009,EUR,4444.17,3734.6,709.57,N,I,I,I,I
0300000534,0000000033,20120617,0000000033,20120617,,0100000000,EUR,3453.38,2902,551.38,R,R,X,I,I
0300000535,0000000033,20120618,0000000033,20120618,,0100000002,EUR,8150.94,6849.53,1301.41,R,R,X,I,I
0300000536,0000000033,20120619,0000000033,20120619,,0100000003,EUR,4372.85,3674.67,698.18,R,R,X,I,I
0300000537,0000000033,20120620,0000000033,20120620,,0100000005,EUR,18986.39,15954.94,3031.45,X,R,X,I,I
0300000538,0000000033,20120621,0000000033,20120621,,0100000006,EUR,23408.49,19671,3737.49,R,R,X,I,I
0300000539,0000000033,20120622,0000000033,20120622,,0100000006,EUR,12515.23,10517,1998.23,C,A,S,I,D
0300000540,0000000033,20120623,0000000033,20120623,,0100000008,EUR,9971.01,8379,1592.01,P,I,S,I,I
0300000541,0000000033,20120624,0000000033,20120624,,0100000004,EUR,1829.01,1536.98,292.03,C,A,S,I,D
0300000542,0000000033,20120625,0000000033,20120625,,0100000002,EUR,3772.29,3169.99,602.3,N,I,I,I,I
0300000543,0000000033,20120626,0000000033,20120626,,0100000005,EUR,3729.42,3133.97,595.45,N,I,I,I,I
0300000544,0000000033,20120627,0000000033,20120627,,0100000009,EUR,4878.64,4099.7,778.94,R,R,X,I,I
0300000545,0000000033,20120628,0000000033,20120628,,0100000000,EUR,9222.5,7750,1472.5,R,R,X,I,I
0300000546,0000000033,20120629,0000000033,20120629,,0100000002,EUR,3986.25,3349.79,636.46,R,R,X,I,I
0300000547,0000000033,20120630,0000000033,20120630,,0100000008,EUR,3334.38,2802,532.38,P,I,S,I,I
0300000548,0000000033,20120701,0000000033,20120701,,0100000006,EUR,15898.4,13360,2538.4,R,R,X,I,I
0300000549,0000000033,20120702,0000000033,20120702,,0100000005,EUR,14320.39,12033.94,2286.45,R,R,X,I,I
0300000550,0000000033,20120703,0000000033,20120703,,0100000026,EUR,19189.94,16126,3063.94,C,A,S,I,D
0300000551,0000000033,20120704,0000000033,20120704,,0100000025,EUR,327367.81,275099,52268.81,R,R,X,I,I
0300000552,0000000033,20120705,0000000033,20120705,,0100000022,EUR,21399.77,17983,3416.77,R,R,X,I,I
0300000553,0000000033,20120706,0000000033,20120706,,0100000024,EUR,72391.27,60833,11558.27,N,I,I,I,I
0300000554,0000000033,20120707,0000000033,20120707,,0100000024,EUR,125233.22,105238,19995.22,P,I,C,I,I
0300000555,0000000033,20120708,0000000033,20120708,,0100000021,EUR,11030.11,9269,1761.11,P,I,C,I,I
0300000556,0000000033,20120709,0000000033,20120709,,0100000023,EUR,35817.81,30099,5718.81,C,A,S,I,D
0300000557,0000000033,20120710,0000000033,20120710,,0100000019,EUR,5488.28,4612,876.28,C,A,S,I,D
0300000558,0000000033,20120711,0000000033,20120711,,0100000026,EUR,12195.12,10248,1947.12,C,A,S,I,D
0300000559,0000000033,20120712,0000000033,20120712,,0100000026,EUR,3505.74,2946,559.74,R,R,X,I,I
0300000560,0000000033,20120713,0000000033,20120713,,0100000025,EUR,297553.55,250045,47508.55,C,A,S,I,D
0300000561,0000000033,20120714,0000000033,20120714,,0100000019,EUR,2898.84,2436,462.84,C,A,S,I,D
0300000562,0000000033,20120715,0000000033,20120715,,0100000022,EUR,27716.29,23291,4425.29,C,A,S,I,D
0300000563,0000000033,20120716,0000000033,20120716,,0100000024,EUR,143791.27,120833,22958.27,R,R,X,I,I
0300000564,0000000033,20120717,0000000033,20120717,,0100000024,EUR,107524.83,90357,17167.83,X,R,X,I,I
0300000565,0000000033,20120718,0000000033,20120718,,0100000021,EUR,14147.91,11889,2258.91,R,R,X,I,I
0300000566,0000000033,20120719,0000000033,20120719,,0100000019,EUR,1652.91,1389,263.91,P,A,C,I,I
0300000567,0000000033,20120720,0000000033,20120720,,0100000022,EUR,5911.92,4968,943.92,X,R,X,I,I
0300000568,0000000033,20120721,0000000033,20120721,,0100000025,EUR,148792.84,125036,23756.84,N,I,I,I,I
0300000569,0000000033,20120722,0000000033,20120722,,0100000026,EUR,5283.6,4440,843.6,R,R,X,I,I
0300000570,0000000033,20120723,0000000033,20120723,,0100000026,EUR,13964.65,11735,2229.65,N,I,I,I,I
0300000571,0000000033,20120724,0000000033,20120724,,0100000025,EUR,119010.71,100009,19001.71,C,A,S,I,D
0300000572,0000000033,20120725,0000000033,20120725,,0100000024,EUR,53974.83,45357,8617.83,X,R,X,I,I
0300000573,0000000033,20120726,0000000033,20120726,,0100000021,EUR,7676.69,6451,1225.69,P,I,S,I,I
0300000574,0000000033,20120727,0000000033,20120727,,0100000022,EUR,22006.67,18493,3513.67,X,R,X,I,I
0300000575,0000000033,20120728,0000000033,20120728,,0100000023,EUR,66745.91,56089,10656.91,N,I,I,I,I
0300000576,0000000033,20120729,0000000033,20120729,,0100000023,EUR,66745.91,56089,10656.91,P,A,S,I,I
0300000577,0000000033,20120730,0000000033,20120730,,0100000023,EUR,42474.67,35693,6781.67,P,I,C,I,I
0300000578,0000000033,20120731,0000000033,20120731,,0100000021,EUR,10558.87,8873,1685.87,R,R,X,I,I
0300000579,0000000033,20120801,0000000033,20120801,,0100000019,EUR,3525.97,2963,562.97,X,R,X,I,I
0300000580,0000000033,20120802,0000000033,20120802,,0100000024,EUR,143791.27,120833,22958.27,R,R,X,I,I
0300000581,0000000033,20120803,0000000033,20120803,,0100000019,EUR,2801.26,2354,447.26,R,R,X,I,I
0300000582,0000000033,20120804,0000000033,20120804,,0100000024,EUR,143791.27,120833,22958.27,N,I,I,I,I
0300000583,0000000033,20120805,0000000033,20120805,,0100000026,EUR,8739.36,7344,1395.36,P,I,S,I,I
0300000584,0000000033,20120806,0000000033,20120806,,0100000026,EUR,6961.5,5850,1111.5,C,A,S,I,D
0300000585,0000000033,20120807,0000000033,20120807,,0100000025,EUR,148857.1,125090,23767.1,C,A,S,I,D
0300000586,0000000033,20120808,0000000033,20120808,,0100000023,EUR,24271.24,20396,3875.24,C,A,S,I,D
0300000587,0000000033,20120809,0000000033,20120809,,0100000022,EUR,30368.8,25520,4848.8,C,A,S,I,D
0300000588,0000000033,20120810,0000000033,20120810,,0100000024,EUR,126082.88,105952,20130.88,X,R,X,I,I
0300000589,0000000033,20120811,0000000033,20120811,,0100000024,EUR,54399.66,45714,8685.66,C,A,S,I,D
0300000590,0000000033,20120812,0000000033,20120812,,0100000021,EUR,15471.19,13001,2470.19,X,R,X,I,I
0300000591,0000000033,20120813,0000000033,20120813,,0100000019,EUR,1970.64,1656,314.64,P,A,S,I,I
0300000592,0000000033,20120814,0000000033,20120814,,0100000025,EUR,29771.42,25018,4753.42,P,I,C,I,I
0300000593,0000000033,20120815,0000000033,20120815,,0100000022,EUR,12430.74,10446,1984.74,N,I,I,I,I
0300000594,0000000033,20120816,0000000033,20120816,,0100000026,EUR,12186.79,10241,1945.79,P,A,C,I,I
0300000595,0000000033,20120817,0000000033,20120817,,0100000026,EUR,13964.65,11735,2229.65,P,I,S,I,I
0300000596,0000000033,20120818,0000000033,20120818,,0100000025,EUR,119010.71,100009,19001.71,R,R,X,I,I
0300000597,0000000033,20120819,0000000033,20120819,,0100000021,EUR,4676.7,3930,746.7,C,A,S,I,D
0300000598,0000000033,20120820,0000000033,20120820,,0100000024,EUR,89816.44,75476,14340.44,P,A,C,I,I
0300000599,0000000033,20120821,0000000033,20120821,,0100000022,EUR,30166.5,25350,4816.5,R,R,X,I,I
0300000600,0000000033,20120822,0000000033,20120822,,0100000012,EUR,12209.4,10260,1949.4,P,A,S,I,I
0300000601,0000000033,20120823,0000000033,20120823,,0100000011,EUR,8491.12,7135.4,1355.72,C,A,S,I,D
0300000602,0000000033,20120824,0000000033,20120824,,0100000015,EUR,2346.68,1972,374.68,X,R,X,I,I
0300000603,0000000033,20120825,0000000033,20120825,,0100000013,EUR,5933.58,4986.2,947.38,P,A,C,I,I
0300000604,0000000033,20120826,0000000033,20120826,,0100000013,EUR,5928.1,4981.6,946.5,P,A,S,I,I
0300000605,0000000033,20120827,0000000033,20120827,,0100000014,EUR,9080.89,7631,1449.89,C,A,S,I,D
0300000606,0000000033,20120828,0000000033,20120828,,0100000016,EUR,10253.04,8616,1637.04,C,A,S,I,D
0300000607,0000000033,20120829,0000000033,20120829,,0100000017,EUR,7275.66,6114,1161.66,X,R,X,I,I
0300000608,0000000033,20120830,0000000033,20120830,,0100000018,EUR,4551.75,3825,726.75,N,I,I,I,I
0300000609,0000000033,20120831,0000000033,20120831,,0100000012,EUR,3148.74,2646,502.74,X,R,X,I,I
0300000610,0000000033,20120901,0000000033,20120901,,0100000011,EUR,4955.51,4164.3,791.21,R,R,X,I,I
0300000611,0000000033,20120902,0000000033,20120902,,0100000017,EUR,4131.68,3472,659.68,N,I,I,I,I
0300000612,0000000033,20120903,0000000033,20120903,,0100000015,EUR,3420.06,2874,546.06,P,A,S,I,I
0300000613,0000000033,20120904,0000000033,20120904,,0100000013,EUR,9608.29,8074.2,1534.09,R,R,X,I,I
0300000614,0000000033,20120905,0000000033,20120905,,0100000013,EUR,6536.55,5492.9,1043.65,X,R,X,I,I
0300000615,0000000033,20120906,0000000033,20120906,,0100000014,EUR,10980.13,9227,1753.13,P,A,C,I,I
0300000616,0000000033,20120907,0000000033,20120907,,0100000017,EUR,3996.02,3358,638.02,X,R,X,I,I
0300000617,0000000033,20120908,0000000033,20120908,,0100000015,EUR,49.98,42,7.98,C,A,S,I,D
0300000618,0000000033,20120909,0000000033,20120909,,0100000011,EUR,2343.94,1969.7,374.24,P,A,C,I,I
0300000619,0000000033,20120910,0000000033,20120910,,0100000018,EUR,2595.39,2181,414.39,C,A,S,I,D
0300000620,0000000033,20120911,0000000033,20120911,,0100000012,EUR,9107.07,7653,1454.07,P,A,C,I,I
0300000621,0000000033,20120912,0000000033,20120912,,0100000011,EUR,1514.63,1272.8,241.83,P,A,S,I,I
0300000622,0000000033,20120913,0000000033,20120913,,0100000013,EUR,4288.64,3603.9,684.74,N,I,I,I,I
0300000623,0000000033,20120914,0000000033,20120914,,0100000014,EUR,4272.1,3590,682.1,P,A,S,I,I
0300000624,0000000033,20120915,0000000033,20120915,,0100000015,EUR,2446.64,2056,390.64,P,A,C,I,I
0300000625,0000000033,20120916,0000000033,20120916,,0100000016,EUR,19189.94,16126,3063.94,N,I,I,I,I
0300000626,0000000033,20120917,0000000033,20120917,,0100000016,EUR,19189.94,16126,3063.94,N,I,I,I,I
0300000627,0000000033,20120918,0000000033,20120918,,0100000016,EUR,12211.78,10262,1949.78,P,I,C,I,I
0300000628,0000000033,20120919,0000000033,20120919,,0100000014,EUR,8752.45,7355,1397.45,N,I,I,I,I
0300000629,0000000033,20120920,0000000033,20120920,,0100000017,EUR,2291.94,1926,365.94,N,I,I,I,I
0300000630,0000000033,20120921,0000000033,20120921,,0100000013,EUR,11640.81,9782.2,1858.61,X,R,X,I,I
0300000631,0000000033,20120922,0000000033,20120922,,0100000017,EUR,5971.42,5018,953.42,N,I,I,I,I
0300000632,0000000033,20120923,0000000033,20120923,,0100000013,EUR,9401.11,7900.1,1501.01,R,R,X,I,I
0300000633,0000000033,20120924,0000000033,20120924,,0100000018,EUR,3573.57,3003,570.57,X,R,X,I,I
0300000634,0000000033,20120925,0000000033,20120925,,0100000012,EUR,3148.74,2646,502.74,N,I,I,I,I
0300000635,0000000033,20120926,0000000033,20120926,,0100000011,EUR,7783.31,6540.6,1242.71,N,I,I,I,I
0300000636,0000000033,20120927,0000000033,20120927,,0100000016,EUR,6978.16,5864,1114.16,N,I,I,I,I
0300000637,0000000033,20120928,0000000033,20120928,,0100000015,EUR,3420.06,2874,546.06,R,R,X,I,I
0300000638,0000000033,20120929,0000000033,20120929,,0100000013,EUR,9608.29,8074.2,1534.09,P,A,C,I,I
0300000639,0000000033,20120930,0000000033,20120930,,0100000013,EUR,6536.55,5492.9,1043.65,R,R,X,I,I
0300000640,0000000033,20121001,0000000033,20121001,,0100000014,EUR,10980.13,9227,1753.13,R,R,X,I,I
0300000641,0000000033,20121002,0000000033,20121002,,0100000017,EUR,3996.02,3358,638.02,N,I,I,I,I
0300000642,0000000033,20121003,0000000033,20121003,,0100000011,EUR,1909.83,1604.9,304.93,R,R,X,I,I
0300000643,0000000033,20121004,0000000033,20121004,,0100000015,EUR,2708.44,2276,432.44,N,I,I,I,I
0300000644,0000000033,20121005,0000000033,20121005,,0100000018,EUR,2990.47,2513,477.47,X,R,X,I,I
0300000645,0000000033,20121006,0000000033,20121006,,0100000012,EUR,9399.81,7899,1500.81,N,I,I,I,I
0300000646,0000000033,20121007,0000000033,20121007,,0100000011,EUR,2191.74,1841.8,349.94,X,R,X,I,I
0300000647,0000000033,20121008,0000000033,20121008,,0100000014,EUR,6379.59,5361,1018.59,R,R,X,I,I
0300000648,0000000033,20121009,0000000033,20121009,,0100000013,EUR,4704.66,3953.5,751.16,R,R,X,I,I
0300000649,0000000033,20121010,0000000033,20121010,,0100000015,EUR,3320.1,2790,530.1,C,A,S,I,D
0300000650,0000000033,20121011,0000000033,20121011,,0100000028,EUR,11951.17,10043,1908.17,N,I,I,I,I
0300000651,0000000033,20121012,0000000033,20121012,,0100000030,EUR,19844.44,16676,3168.44,C,A,S,I,D
0300000652,0000000033,20121013,0000000033,20121013,,0100000031,EUR,6676.5,5610.5,1066,C,A,S,I,D
0300000653,0000000033,20121014,0000000033,20121014,,0100000032,EUR,4589.84,3857,732.84,C,A,S,I,D
0300000654,0000000033,20121015,0000000033,20121015,,0100000032,EUR,1335.78,1122.5,213.28,P,I,S,I,I
0300000655,0000000033,20121016,0000000033,20121016,,0100000033,EUR,1552.36,1304.5,247.86,P,A,C,I,I
0300000656,0000000033,20121017,0000000033,20121017,,0100000034,EUR,5854.8,4920,934.8,X,R,X,I,I
0300000657,0000000033,20121018,0000000033,20121018,,0100000035,EUR,1123.71,944.3,179.41,X,R,X,I,I
0300000658,0000000033,20121019,0000000033,20121019,,0100000027,EUR,7225.68,6072,1153.68,N,I,I,I,I
0300000659,0000000033,20121020,0000000033,20121020,,0100000028,EUR,4312.56,3624,688.56,C,A,S,I,D
0300000660,0000000033,20121021,0000000033,20121021,,0100000030,EUR,9174.9,7710,1464.9,P,A,S,I,I
0300000661,0000000033,20121022,0000000033,20121022,,0100000035,EUR,604.04,507.6,96.44,R,R,X,I,I
0300000662,0000000033,20121023,0000000033,20121023,,0100000031,EUR,9534.88,8012.5,1522.38,P,I,S,I,I
0300000663,0000000033,20121024,0000000033,20121024,,0100000032,EUR,4606.5,3871,735.5,P,I,S,I,I
0300000664,0000000033,20121025,0000000033,20121025,,0100000032,EUR,1984.93,1668,316.93,N,I,I,I,I
0300000665,0000000033,20121026,0000000033,20121026,,0100000033,EUR,1941.5,1631.5,310,P,A,C,I,I
0300000666,0000000033,20121027,0000000033,20121027,,0100000035,EUR,404.12,339.6,64.52,X,R,X,I,I
0300000667,0000000033,20121028,0000000033,20121028,,0100000031,EUR,956.76,804,152.76,X,R,X,I,I
0300000668,0000000033,20121029,0000000033,20121029,,0100000030,EUR,7247.1,6090,1157.1,P,A,C,I,I
0300000669,0000000033,20121030,0000000033,20121030,,0100000027,EUR,12880.56,10824,2056.56,P,I,S,I,I
0300000670,0000000033,20121031,0000000033,20121031,,0100000028,EUR,9761.57,8203,1558.57,N,I,I,I,I
0300000671,0000000033,20121101,0000000033,20121101,,0100000030,EUR,1896.86,1594,302.86,X,R,X,I,I
0300000672,0000000033,20121102,0000000033,20121102,,0100000032,EUR,1972.43,1657.5,314.93,R,R,X,I,I
0300000673,0000000033,20121103,0000000033,20121103,,0100000033,EUR,782.43,657.5,124.93,P,I,S,I,I
0300000674,0000000033,20121104,0000000033,20121104,,0100000031,EUR,9528.94,8007.5,1521.44,P,A,S,I,I
0300000675,0000000033,20121105,0000000033,20121105,,0100000034,EUR,12042.8,10120,1922.8,X,R,X,I,I
0300000676,0000000033,20121106,0000000033,20121106,,0100000034,EUR,12042.8,10120,1922.8,C,A,S,I,D
0300000677,0000000033,20121107,0000000033,20121107,,0100000034,EUR,7663.6,6440,1223.6,N,I,I,I,I
0300000678,0000000033,20121108,0000000033,20121108,,0100000033,EUR,790.77,664.5,126.27,P,A,S,I,I
0300000679,0000000033,20121109,0000000033,20121109,,0100000035,EUR,635.22,533.8,101.42,P,I,C,I,I
0300000680,0000000033,20121110,0000000033,20121110,,0100000032,EUR,4606.5,3871,735.5,C,A,S,I,D
0300000681,0000000033,20121111,0000000033,20121111,,0100000035,EUR,484.21,406.9,77.31,R,R,X,I,I
0300000682,0000000033,20121112,0000000033,20121112,,0100000032,EUR,4606.5,3871,735.5,N,I,I,I,I
0300000683,0000000033,20121113,0000000033,20121113,,0100000027,EUR,10053.12,8448,1605.12,C,A,S,I,D
0300000684,0000000033,20121114,0000000033,20121114,,0100000028,EUR,2206.26,1854,352.26,N,I,I,I,I
0300000685,0000000033,20121115,0000000033,20121115,,0100000030,EUR,17885.7,15030,2855.7,X,R,X,I,I
0300000686,0000000033,20121116,0000000033,20121116,,0100000034,EUR,4379.2,3680,699.2,X,R,X,I,I
0300000687,0000000033,20121117,0000000033,20121117,,0100000031,EUR,8587.05,7216,1371.05,C,A,S,I,D
0300000688,0000000033,20121118,0000000033,20121118,,0100000032,EUR,5255.64,4416.5,839.14,R,R,X,I,I
0300000689,0000000033,20121119,0000000033,20121119,,0100000032,EUR,3932.37,3304.5,627.87,N,I,I,I,I
0300000690,0000000033,20121120,0000000033,20121120,,0100000033,EUR,1755.26,1475,280.26,R,R,X,I,I
0300000691,0000000033,20121121,0000000033,20121121,,0100000035,EUR,350.93,294.9,56.03,P,A,S,I,I
0300000692,0000000033,20121122,0000000033,20121122,,0100000030,EUR,3577.14,3006,571.14,C,A,S,I,D
0300000693,0000000033,20121123,0000000033,20121123,,0100000031,EUR,4765.96,4005,760.96,C,A,S,I,D
0300000694,0000000033,20121124,0000000033,20121124,,0100000027,EUR,5798.87,4873,925.87,C,A,S,I,D
0300000695,0000000033,20121125,0000000033,20121125,,0100000028,EUR,9761.57,8203,1558.57,R,R,X,I,I
0300000696,0000000033,20121126,0000000033,20121126,,0100000030,EUR,1896.86,1594,302.86,X,R,X,I,I
0300000697,0000000033,20121127,0000000033,20121127,,0100000033,EUR,583.7,490.5,93.2,R,R,X,I,I
0300000698,0000000033,20121128,0000000033,20121128,,0100000032,EUR,2634.07,2213.5,420.57,N,I,I,I,I
0300000699,0000000033,20121129,0000000033,20121129,,0100000031,EUR,7636.24,6417,1219.24,P,A,S,I,I
0300000700,0000000033,20121130,0000000033,20121130,,0100000044,EUR,11689.24,9822.89,1866.35,N,I,I,I,I
0300000701,0000000033,20121201,0000000033,20121201,,0100000036,EUR,4983.37,4187.7,795.67,C,A,S,I,D
0300000702,0000000033,20121202,0000000033,20121202,,0100000038,EUR,724.71,609,115.71,R,R,X,I,I
0300000703,0000000033,20121203,0000000033,20121203,,0100000037,EUR,1872.82,1573.8,299.02,C,A,S,I,D
0300000704,0000000033,20121204,0000000033,20121204,,0100000037,EUR,1240.46,1042.4,198.06,P,A,C,I,I
0300000705,0000000033,20121205,0000000033,20121205,,0100000042,EUR,12794.88,10752,2042.88,N,I,I,I,I
0300000706,0000000033,20121206,0000000033,20121206,,0100000044,EUR,1294.71,1087.99,206.72,C,A,S,I,D
0300000707,0000000033,20121207,0000000033,20121207,,0100000041,EUR,2645.37,2223,422.37,X,R,X,I,I
0300000708,0000000033,20121208,0000000033,20121208,,0100000043,EUR,16526.72,13888,2638.72,C,A,S,I,D
0300000709,0000000033,20121209,0000000033,20121209,,0100000044,EUR,4157.82,3493.96,663.86,R,R,X,I,I
0300000710,0000000033,20121210,0000000033,20121210,,0100000036,EUR,2751.29,2312,439.29,P,I,S,I,I
0300000711,0000000033,20121211,0000000033,20121211,,0100000041,EUR,1423.24,1196,227.24,N,I,I,I,I
0300000712,0000000033,20121212,0000000033,20121212,,0100000038,EUR,1006.74,846,160.74,P,I,S,I,I
0300000713,0000000033,20121213,0000000033,20121213,,0100000037,EUR,2354.54,1978.6,375.94,R,R,X,I,I
0300000714,0000000033,20121214,0000000033,20121214,,0100000037,EUR,1318.76,1108.2,210.56,P,A,S,I,I
0300000715,0000000033,20121215,0000000033,20121215,,0100000042,EUR,16148.3,13570,2578.3,N,I,I,I,I
0300000716,0000000033,20121216,0000000033,20121216,,0100000041,EUR,959.14,806,153.14,P,I,C,I,I
0300000717,0000000033,20121217,0000000033,20121217,,0100000038,EUR,132.09,111,21.09,N,I,I,I,I
0300000718,0000000033,20121218,0000000033,20121218,,0100000036,EUR,1909.36,1604.5,304.86,R,R,X,I,I
0300000719,0000000033,20121219,0000000033,20121219,,0100000043,EUR,12623.52,10608,2015.52,X,R,X,I,I
0300000720,0000000033,20121220,0000000033,20121220,,0100000044,EUR,9517.53,7997.91,1519.62,P,A,C,I,I
0300000721,0000000033,20121221,0000000033,20121221,,0100000036,EUR,744.71,625.8,118.91,P,A,C,I,I
0300000722,0000000033,20121222,0000000033,20121222,,0100000037,EUR,957.47,804.6,152.87,P,A,C,I,I
0300000723,0000000033,20121223,0000000033,20121223,,0100000042,EUR,7325.64,6156,1169.64,C,A,S,I,D
0300000724,0000000033,20121224,0000000033,20121224,,0100000038,EUR,949.62,798,151.62,P,I,S,I,I
0300000725,0000000033,20121225,0000000033,20121225,,0100000044,EUR,11689.25,9822.89,1866.36,R,R,X,I,I
0300000726,0000000033,20121226,0000000033,20121226,,0100000044,EUR,11689.24,9822.89,1866.35,X,R,X,I,I
0300000727,0000000033,20121227,0000000033,20121227,,0100000044,EUR,7438.62,6250.93,1187.69,R,R,X,I,I
0300000728,0000000033,20121228,0000000033,20121228,,0100000042,EUR,8563.24,7196,1367.24,R,R,X,I,I
0300000729,0000000033,20121229,0000000033,20121229,,0100000041,EUR,1485.12,1248,237.12,R,R,X,I,I
0300000730,0000000033,20121230,0000000033,20121230,,0100000037,EUR,2354.54,1978.6,375.94,P,A,C,I,I
0300000731,0000000033,20121231,0000000033,20121231,,0100000041,EUR,1129.31,949,180.31,R,R,X,I,I
0300000732,0000000033,20120101,0000000033,20120101,,0100000037,EUR,2354.54,1978.6,375.94,N,I,I,I,I
0300000733,0000000033,20120102,0000000033,20120102,,0100000043,EUR,14575.12,12248,2327.12,R,R,X,I,I
0300000734,0000000033,20120103,0000000033,20120103,,0100000044,EUR,2218.14,1863.98,354.16,C,A,S,I,D
0300000735,0000000033,20120104,0000000033,20120104,,0100000036,EUR,4044.22,3398.5,645.72,X,R,X,I,I
0300000736,0000000033,20120105,0000000033,20120105,,0100000044,EUR,4250.63,3571.96,678.67,X,R,X,I,I
0300000737,0000000033,20120106,0000000033,20120106,,0100000038,EUR,960.33,807,153.33,P,I,C,I,I
0300000738,0000000033,20120107,0000000033,20120107,,0100000037,EUR,2432.84,2044.4,388.44,C,A,S,I,D
0300000739,0000000033,20120108,0000000033,20120108,,0100000037,EUR,1553.67,1305.6,248.07,N,I,I,I,I
0300000740,0000000033,20120109,0000000033,20120109,,0100000042,EUR,15709.19,13201,2508.19,C,A,S,I,D
0300000741,0000000033,20120110,0000000033,20120110,,0100000041,EUR,819.91,689,130.91,C,A,S,I,D
0300000742,0000000033,20120111,0000000033,20120111,,0100000036,EUR,808.84,679.7,129.14,C,A,S,I,D
0300000743,0000000033,20120112,0000000033,20120112,,0100000038,EUR,489.09,411,78.09,X,R,X,I,I
0300000744,0000000033,20120113,0000000033,20120113,,0100000043,EUR,15718.71,13209,2509.71,C,A,S,I,D
0300000745,0000000033,20120114,0000000033,20120114,,0100000044,EUR,9517.53,7997.91,1519.62,C,A,S,I,D
0300000746,0000000033,20120115,0000000033,20120115,,0100000036,EUR,744.71,625.8,118.91,P,A,S,I,I
0300000747,0000000033,20120116,0000000033,20120116,,0100000042,EUR,5030.13,4227,803.13,X,R,X,I,I
0300000748,0000000033,20120117,0000000033,20120117,,0100000037,EUR,1397.06,1174,223.06,R,R,X,I,I
0300000749,0000000033,20120118,0000000033,20120118,,0100000038,EUR,885.36,744,141.36,P,A,S,I,I
0300000750,0000000033,20120119,0000000033,20120119,,0100000000,EUR,13224.47,11113,2111.47,C,A,S,I,D
0300000751,0000000033,20120120,0000000033,20120120,,0100000002,EUR,12493.73,10498.94,1994.79,C,A,S,I,D
0300000752,0000000033,20120121,0000000033,20120121,,0100000005,EUR,11666.69,9803.94,1862.75,X,R,X,I,I
0300000753,0000000033,20120122,0000000033,20120122,,0100000006,EUR,16561.23,13917,2644.23,R,R,X,I,I
0300000754,0000000033,20120123,0000000033,20120123,,0100000006,EUR,12515.23,10517,1998.23,N,I,I,I,I
0300000755,0000000033,20120124,0000000033,20120124,,0100000008,EUR,8368.08,7032,1336.08,C,A,S,I,D
0300000756,0000000033,20120125,0000000033,20120125,,0100000003,EUR,6146.19,5164.87,981.32,R,R,X,I,I
0300000757,0000000033,20120126,0000000033,20120126,,0100000004,EUR,5720.31,4806.98,913.33,R,R,X,I,I
0300000758,0000000033,20120127,0000000033,20120127,,0100000009,EUR,4444.17,3734.6,709.57,C,A,S,I,D
0300000759,0000000033,20120128,0000000033,20120128,,0100000000,EUR,3453.38,2902,551.38,P,A,S,I,I
0300000760,0000000033,20120129,0000000033,20120129,,0100000002,EUR,8150.94,6849.53,1301.41,R,R,X,I,I
0300000761,0000000033,20120130,0000000033,20120130,,0100000004,EUR,3040.41,2554.97,485.44,R,R,X,I,I
0300000762,0000000033,20120131,0000000033,20120131,,0100000005,EUR,18986.39,15954.94,3031.45,C,A,S,I,D
0300000763,0000000033,20120201,0000000033,20120201,,0100000006,EUR,23408.49,19671,3737.49,C,A,S,I,D
0300000764,0000000033,20120202,0000000033,20120202,,0100000006,EUR,12515.23,10517,1998.23,N,I,I,I,I
0300000765,0000000033,20120203,0000000033,20120203,,0100000008,EUR,9971.01,8379,1592.01,P,I,C,I,I
0300000766,0000000033,20120204,0000000033,20120204,,0100000004,EUR,1829.01,1536.98,292.03,X,R,X,I,I
0300000767,0000000033,20120205,0000000033,20120205,,0100000005,EUR,5055.11,4247.99,807.12,P,A,S,I,I
0300000768,0000000033,20120206,0000000033,20120206,,0100000002,EUR,2510.26,2109.47,400.79,P,A,C,I,I
0300000769,0000000033,20120207,0000000033,20120207,,0100000009,EUR,3974.12,3339.6,634.52,P,A,C,I,I
0300000770,0000000033,20120208,0000000033,20120208,,0100000000,EUR,10329.2,8680,1649.2,R,R,X,I,I
0300000771,0000000033,20120209,0000000033,20120209,,0100000002,EUR,2153.64,1809.78,343.86,C,A,S,I,D
0300000772,0000000033,20120210,0000000033,20120210,,0100000006,EUR,14276.43,11997,2279.43,N,I,I,I,I
0300000773,0000000033,20120211,0000000033,20120211,,0100000008,EUR,3592.61,3019,573.61,X,R,X,I,I
0300000774,0000000033,20120212,0000000033,20120212,,0100000005,EUR,14640.47,12302.92,2337.55,P,I,C,I,I
0300000775,0000000033,20120213,0000000033,20120213,,0100000003,EUR,16748.33,14074.23,2674.1,N,I,I,I,I
0300000776,0000000033,20120214,0000000033,20120214,,0100000003,EUR,13053.03,10968.94,2084.09,R,R,X,I,I
0300000777,0000000033,20120215,0000000033,20120215,,0100000003,EUR,8555.55,7189.54,1366.01,N,I,I,I,I
0300000778,0000000033,20120216,0000000033,20120216,,0100000008,EUR,4977.77,4183,794.77,R,R,X,I,I
0300000779,0000000033,20120217,0000000033,20120217,,0100000004,EUR,3180.85,2672.98,507.87,N,I,I,I,I
0300000780,0000000033,20120218,0000000033,20120218,,0100000006,EUR,25366.04,21316,4050.04,C,A,S,I,D
0300000781,0000000033,20120219,0000000033,20120219,,0100000004,EUR,3470,2915.97,554.03,R,R,X,I,I
0300000782,0000000033,20120220,0000000033,20120220,,0100000006,EUR,23589.37,19823,3766.37,N,I,I,I,I
0300000783,0000000033,20120221,0000000033,20120221,,0100000009,EUR,4444.17,3734.6,709.57,R,R,X,I,I
0300000784,0000000033,20120222,0000000033,20120222,,0100000000,EUR,3453.38,2902,551.38,R,R,X,I,I
0300000785,0000000033,20120223,0000000033,20120223,,0100000002,EUR,8150.94,6849.53,1301.41,N,I,I,I,I
0300000786,0000000033,20120224,0000000033,20120224,,0100000003,EUR,4372.85,3674.67,698.18,P,A,S,I,I
0300000787,0000000033,20120225,0000000033,20120225,,0100000005,EUR,18986.39,15954.94,3031.45,N,I,I,I,I
0300000788,0000000033,20120226,0000000033,20120226,,0100000006,EUR,23408.49,19671,3737.49,R,R,X,I,I
0300000789,0000000033,20120227,0000000033,20120227,,0100000006,EUR,12515.23,10517,1998.23,R,R,X,I,I
0300000790,0000000033,20120228,0000000033,20120228,,0100000008,EUR,9971.01,8379,1592.01,X,R,X,I,I
0300000791,0000000033,20120229,0000000033,20120229,,0100000004,EUR,1829.01,1536.98,292.03,R,R,X,I,I
0300000792,0000000033,20120301,0000000033,20120301,,0100000002,EUR,3772.29,3169.99,602.3,R,R,X,I,I
0300000793,0000000033,20120302,0000000033,20120302,,0100000005,EUR,3729.42,3133.97,595.45,C,A,S,I,D
0300000794,0000000033,20120303,0000000033,20120303,,0100000009,EUR,4878.64,4099.7,778.94,R,R,X,I,I
0300000795,0000000033,20120304,0000000033,20120304,,0100000000,EUR,9222.5,7750,1472.5,N,I,I,I,I
0300000796,0000000033,20120305,0000000033,20120305,,0100000002,EUR,3986.25,3349.79,636.46,N,I,I,I,I
0300000797,0000000033,20120306,0000000033,20120306,,0100000008,EUR,3334.38,2802,532.38,C,A,S,I,D
0300000798,0000000033,20120307,0000000033,20120307,,0100000006,EUR,15898.4,13360,2538.4,N,I,I,I,I
0300000799,0000000033,20120308,0000000033,20120308,,0100000005,EUR,14320.39,12033.94,2286.45,N,I,I,I,I
0300000800,0000000033,20120309,0000000033,20120309,,0100000026,EUR,19189.94,16126,3063.94,R,R,X,I,I
0300000801,0000000033,20120310,0000000033,20120310,,0100000025,EUR,327367.81,275099,52268.81,N,I,I,I,I
0300000802,0000000033,20120311,0000000033,20120311,,0100000022,EUR,21399.77,17983,3416.77,X,R,X,I,I
0300000803,0000000033,20120312,0000000033,20120312,,0100000024,EUR,72391.27,60833,11558.27,R,R,X,I,I
0300000804,0000000033,20120313,0000000033,20120313,,0100000024,EUR,125233.22,105238,19995.22,N,I,I,I,I
0300000805,0000000033,20120314,0000000033,20120314,,0100000021,EUR,11030.11,9269,1761.11,C,A,S,I,D
0300000806,0000000033,20120315,0000000033,20120315,,0100000023,EUR,35817.81,30099,5718.81,R,R,X,I,I
0300000807,0000000033,20120316,0000000033,20120316,,0100000019,EUR,5488.28,4612,876.28,P,A,S,I,I
0300000808,0000000033,20120317,0000000033,20120317,,0100000026,EUR,12195.12,10248,1947.12,N,I,I,I,I
0300000809,0000000033,20120318,0000000033,20120318,,0100000026,EUR,3505.74,2946,559.74,C,A,S,I,D
0300000810,0000000033,20120319,0000000033,20120319,,0100000025,EUR,297553.55,250045,47508.55,R,R,X,I,I
0300000811,0000000033,20120320,0000000033,20120320,,0100000019,EUR,2898.84,2436,462.84,R,R,X,I,I
0300000812,0000000033,20120321,0000000033,20120321,,0100000022,EUR,27716.29,23291,4425.29,C,A,S,I,D
0300000813,0000000033,20120322,0000000033,20120322,,0100000024,EUR,143791.27,120833,22958.27,N,I,I,I,I
0300000814,0000000033,20120323,0000000033,20120323,,0100000024,EUR,107524.83,90357,17167.83,R,R,X,I,I
0300000815,0000000033,20120324,0000000033,20120324,,0100000021,EUR,14147.91,11889,2258.91,X,R,X,I,I
0300000816,0000000033,20120325,0000000033,20120325,,0100000019,EUR,1652.91,1389,263.91,N,I,I,I,I
0300000817,0000000033,20120326,0000000033,20120326,,0100000022,EUR,5911.92,4968,943.92,N,I,I,I,I
0300000818,0000000033,20120327,0000000033,20120327,,0100000025,EUR,148792.84,125036,23756.84,N,I,I,I,I
0300000819,0000000033,20120328,0000000033,20120328,,0100000026,EUR,5283.6,4440,843.6,X,R,X,I,I
0300000820,0000000033,20120329,0000000033,20120329,,0100000026,EUR,13964.65,11735,2229.65,X,R,X,I,I
0300000821,0000000033,20120330,0000000033,20120330,,0100000025,EUR,119010.71,100009,19001.71,P,A,S,I,I
0300000822,0000000033,20120331,0000000033,20120331,,0100000024,EUR,53974.83,45357,8617.83,N,I,I,I,I
0300000823,0000000033,20120401,0000000033,20120401,,0100000021,EUR,7676.69,6451,1225.69,N,I,I,I,I
0300000824,0000000033,20120402,0000000033,20120402,,0100000022,EUR,22006.67,18493,3513.67,C,A,S,I,D
0300000825,0000000033,20120403,0000000033,20120403,,0100000023,EUR,66745.91,56089,10656.91,C,A,S,I,D
0300000826,0000000033,20120404,0000000033,20120404,,0100000023,EUR,66745.91,56089,10656.91,R,R,X,I,I
0300000827,0000000033,20120405,0000000033,20120405,,0100000023,EUR,42474.67,35693,6781.67,X,R,X,I,I
0300000828,0000000033,20120406,0000000033,20120406,,0100000021,EUR,10558.87,8873,1685.87,R,R,X,I,I
0300000829,0000000033,20120407,0000000033,20120407,,0100000019,EUR,3525.97,2963,562.97,R,R,X,I,I
0300000830,0000000033,20120408,0000000033,20120408,,0100000024,EUR,143791.27,120833,22958.27,R,R,X,I,I
0300000831,0000000033,20120409,0000000033,20120409,,0100000019,EUR,2801.26,2354,447.26,P,I,C,I,I
0300000832,0000000033,20120410,0000000033,20120410,,0100000024,EUR,143791.27,120833,22958.27,C,A,S,I,D
0300000833,0000000033,20120411,0000000033,20120411,,0100000026,EUR,8739.36,7344,1395.36,P,A,S,I,I
0300000834,0000000033,20120412,0000000033,20120412,,0100000026,EUR,6961.5,5850,1111.5,C,A,S,I,D
0300000835,0000000033,20120413,0000000033,20120413,,0100000025,EUR,148857.1,125090,23767.1,N,I,I,I,I
0300000836,0000000033,20120414,0000000033,20120414,,0100000023,EUR,24271.24,20396,3875.24,X,R,X,I,I
0300000837,0000000033,20120415,0000000033,20120415,,0100000022,EUR,30368.8,25520,4848.8,N,I,I,I,I
0300000838,0000000033,20120416,0000000033,20120416,,0100000024,EUR,126082.88,105952,20130.88,R,R,X,I,I
0300000839,0000000033,20120417,0000000033,20120417,,0100000024,EUR,54399.66,45714,8685.66,C,A,S,I,D
0300000840,0000000033,20120418,0000000033,20120418,,0100000021,EUR,15471.19,13001,2470.19,P,A,S,I,I
0300000841,0000000033,20120419,0000000033,20120419,,0100000019,EUR,1970.64,1656,314.64,C,A,S,I,D
0300000842,0000000033,20120420,0000000033,20120420,,0100000025,EUR,29771.42,25018,4753.42,R,R,X,I,I
0300000843,0000000033,20120421,0000000033,20120421,,0100000022,EUR,12430.74,10446,1984.74,C,A,S,I,D
0300000844,0000000033,20120422,0000000033,20120422,,0100000026,EUR,12186.79,10241,1945.79,C,A,S,I,D
0300000845,0000000033,20120423,0000000033,20120423,,0100000026,EUR,13964.65,11735,2229.65,N,I,I,I,I
0300000846,0000000033,20120424,0000000033,20120424,,0100000025,EUR,119010.71,100009,19001.71,C,A,S,I,D
0300000847,0000000033,20120425,0000000033,20120425,,0100000021,EUR,4676.7,3930,746.7,R,R,X,I,I
0300000848,0000000033,20120426,0000000033,20120426,,0100000024,EUR,89816.44,75476,14340.44,N,I,I,I,I
0300000849,0000000033,20120427,0000000033,20120427,,0100000022,EUR,30166.5,25350,4816.5,R,R,X,I,I
0300000850,0000000033,20120428,0000000033,20120428,,0100000012,EUR,12209.4,10260,1949.4,X,R,X,I,I
0300000851,0000000033,20120429,0000000033,20120429,,0100000011,EUR,8491.12,7135.4,1355.72,C,A,S,I,D
0300000852,0000000033,20120430,0000000033,20120430,,0100000015,EUR,2346.68,1972,374.68,C,A,S,I,D
0300000853,0000000033,20120501,0000000033,20120501,,0100000013,EUR,5933.58,4986.2,947.38,X,R,X,I,I
0300000854,0000000033,20120502,0000000033,20120502,,0100000013,EUR,5928.1,4981.6,946.5,P,A,C,I,I
0300000855,0000000033,20120503,0000000033,20120503,,0100000014,EUR,9080.89,7631,1449.89,R,R,X,I,I
0300000856,0000000033,20120504,0000000033,20120504,,0100000016,EUR,10253.04,8616,1637.04,C,A,S,I,D
0300000857,0000000033,20120505,0000000033,20120505,,0100000017,EUR,7275.66,6114,1161.66,X,R,X,I,I
0300000858,0000000033,20120506,0000000033,20120506,,0100000018,EUR,4551.75,3825,726.75,N,I,I,I,I
0300000859,0000000033,20120507,0000000033,20120507,,0100000012,EUR,3148.74,2646,502.74,C,A,S,I,D
0300000860,0000000033,20120508,0000000033,20120508,,0100000011,EUR,4955.51,4164.3,791.21,R,R,X,I,I
0300000861,0000000033,20120509,0000000033,20120509,,0100000017,EUR,4131.68,3472,659.68,C,A,S,I,D
0300000862,0000000033,20120510,0000000033,20120510,,0100000015,EUR,3420.06,2874,546.06,R,R,X,I,I
0300000863,0000000033,20120511,0000000033,20120511,,0100000013,EUR,9608.29,8074.2,1534.09,C,A,S,I,D
0300000864,0000000033,20120512,0000000033,20120512,,0100000013,EUR,6536.55,5492.9,1043.65,R,R,X,I,I
0300000865,0000000033,20120513,0000000033,20120513,,0100000014,EUR,10980.13,9227,1753.13,P,A,C,I,I
0300000866,0000000033,20120514,0000000033,20120514,,0100000017,EUR,3996.02,3358,638.02,N,I,I,I,I
0300000867,0000000033,20120515,0000000033,20120515,,0100000015,EUR,49.98,42,7.98,C,A,S,I,D
0300000868,0000000033,20120516,0000000033,20120516,,0100000011,EUR,2343.94,1969.7,374.24,P,A,S,I,I
0300000869,0000000033,20120517,0000000033,20120517,,0100000018,EUR,2595.39,2181,414.39,N,I,I,I,I
0300000870,0000000033,20120518,0000000033,20120518,,0100000012,EUR,9107.07,7653,1454.07,N,I,I,I,I
0300000871,0000000033,20120519,0000000033,20120519,,0100000011,EUR,1514.63,1272.8,241.83,R,R,X,I,I
0300000872,0000000033,20120520,0000000033,20120520,,0100000013,EUR,4288.64,3603.9,684.74,R,R,X,I,I
0300000873,0000000033,20120521,0000000033,20120521,,0100000014,EUR,4272.1,3590,682.1,C,A,S,I,D
0300000874,0000000033,20120522,0000000033,20120522,,0100000015,EUR,2446.64,2056,390.64,C,A,S,I,D
0300000875,0000000033,20120523,0000000033,20120523,,0100000016,EUR,19189.94,16126,3063.94,N,I,I,I,I
0300000876,0000000033,20120524,0000000033,20120524,,0100000016,EUR,19189.94,16126,3063.94,R,R,X,I,I
0300000877,0000000033,20120525,0000000033,20120525,,0100000016,EUR,12211.78,10262,1949.78,N,I,I,I,I
0300000878,0000000033,20120526,0000000033,20120526,,0100000014,EUR,8752.45,7355,1397.45,X,R,X,I,I
0300000879,0000000033,20120527,0000000033,20120527,,0100000017,EUR,2291.94,1926,365.94,P,A,C,I,I
0300000880,0000000033,20120528,0000000033,20120528,,0100000013,EUR,11640.81,9782.2,1858.61,R,R,X,I,I
0300000881,0000000033,20120529,0000000033,20120529,,0100000017,EUR,5971.42,5018,953.42,C,A,S,I,D
0300000882,0000000033,20120530,0000000033,20120530,,0100000013,EUR,9401.11,7900.1,1501.01,C,A,S,I,D
0300000883,0000000033,20120531,0000000033,20120531,,0100000018,EUR,3573.57,3003,570.57,P,I,C,I,I
0300000884,0000000033,20120601,0000000033,20120601,,0100000012,EUR,3148.74,2646,502.74,X,R,X,I,I
0300000885,0000000033,20120602,0000000033,20120602,,0100000011,EUR,7783.31,6540.6,1242.71,P,A,C,I,I
0300000886,0000000033,20120603,0000000033,20120603,,0100000016,EUR,6978.16,5864,1114.16,X,R,X,I,I
0300000887,0000000033,20120604,0000000033,20120604,,0100000015,EUR,3420.06,2874,546.06,C,A,S,I,D
0300000888,0000000033,20120605,0000000033,20120605,,0100000013,EUR,9608.29,8074.2,1534.09,X,R,X,I,I
0300000889,0000000033,20120606,0000000033,20120606,,0100000013,EUR,6536.55,5492.9,1043.65,X,R,X,I,I
0300000890,0000000033,20120607,0000000033,20120607,,0100000014,EUR,10980.13,9227,1753.13,P,A,S,I,I
0300000891,0000000033,20120608,0000000033,20120608,,0100000017,EUR,3996.02,3358,638.02,X,R,X,I,I
0300000892,0000000033,20120609,0000000033,20120609,,0100000011,EUR,1909.83,1604.9,304.93,P,A,C,I,I
0300000893,0000000033,20120610,0000000033,20120610,,0100000015,EUR,2708.44,2276,432.44,C,A,S,I,D
0300000894,0000000033,20120611,0000000033,20120611,,0100000018,EUR,2990.47,2513,477.47,P,I,C,I,I
0300000895,0000000033,20120612,0000000033,20120612,,0100000012,EUR,9399.81,7899,1500.81,R,R,X,I,I
0300000896,0000000033,20120613,0000000033,20120613,,0100000011,EUR,2191.74,1841.8,349.94,N,I,I,I,I
0300000897,0000000033,20120614,0000000033,20120614,,0100000014,EUR,6379.59,5361,1018.59,X,R,X,I,I
0300000898,0000000033,20120615,0000000033,20120615,,0100000013,EUR,4704.66,3953.5,751.16,N,I,I,I,I
0300000899,0000000033,20120616,0000000033,20120616,,0100000015,EUR,3320.1,2790,530.1,P,A,C,I,I
0300000900,0000000033,20120617,0000000033,20120617,,0100000028,EUR,11951.17,10043,1908.17,R,R,X,I,I
0300000901,0000000033,20120618,0000000033,20120618,,0100000030,EUR,19844.44,16676,3168.44,N,I,I,I,I
0300000902,0000000033,20120619,0000000033,20120619,,0100000031,EUR,6676.5,5610.5,1066,P,I,S,I,I
0300000903,0000000033,20120620,0000000033,20120620,,0100000032,EUR,4589.84,3857,732.84,C,A,S,I,D
0300000904,0000000033,20120621,0000000033,20120621,,0100000032,EUR,1335.78,1122.5,213.28,C,A,S,I,D
0300000905,0000000033,20120622,0000000033,20120622,,0100000033,EUR,1552.36,1304.5,247.86,N,I,I,I,I
0300000906,0000000033,20120623,0000000033,20120623,,0100000034,EUR,5854.8,4920,934.8,X,R,X,I,I
0300000907,0000000033,20120624,0000000033,20120624,,0100000035,EUR,1123.71,944.3,179.41,P,A,S,I,I
0300000908,0000000033,20120625,0000000033,20120625,,0100000027,EUR,7225.68,6072,1153.68,N,I,I,I,I
0300000909,0000000033,20120626,0000000033,20120626,,0100000028,EUR,4312.56,3624,688.56,C,A,S,I,D
0300000910,0000000033,20120627,0000000033,20120627,,0100000030,EUR,9174.9,7710,1464.9,P,I,S,I,I
0300000911,0000000033,20120628,0000000033,20120628,,0100000035,EUR,604.04,507.6,96.44,N,I,I,I,I
0300000912,0000000033,20120629,0000000033,20120629,,0100000031,EUR,9534.88,8012.5,1522.38,C,A,S,I,D
0300000913,0000000033,20120630,0000000033,20120630,,0100000032,EUR,4606.5,3871,735.5,R,R,X,I,I
0300000914,0000000033,20120701,0000000033,20120701,,0100000032,EUR,1984.93,1668,316.93,C,A,S,I,D
0300000915,0000000033,20120702,0000000033,20120702,,0100000033,EUR,1941.5,1631.5,310,N,I,I,I,I
0300000916,0000000033,20120703,0000000033,20120703,,0100000035,EUR,404.12,339.6,64.52,P,A,S,I,I
0300000917,0000000033,20120704,0000000033,20120704,,0100000031,EUR,956.76,804,152.76,C,A,S,I,D
0300000918,0000000033,20120705,0000000033,20120705,,0100000030,EUR,7247.1,6090,1157.1,C,A,S,I,D
0300000919,0000000033,20120706,0000000033,20120706,,0100000027,EUR,12880.56,10824,2056.56,C,A,S,I,D
0300000920,0000000033,20120707,0000000033,20120707,,0100000028,EUR,9761.57,8203,1558.57,P,A,S,I,I
0300000921,0000000033,20120708,0000000033,20120708,,0100000030,EUR,1896.86,1594,302.86,P,I,S,I,I
0300000922,0000000033,20120709,0000000033,20120709,,0100000032,EUR,1972.43,1657.5,314.93,R,R,X,I,I
0300000923,0000000033,20120710,0000000033,20120710,,0100000033,EUR,782.43,657.5,124.93,P,I,C,I,I
0300000924,0000000033,20120711,0000000033,20120711,,0100000031,EUR,9528.94,8007.5,1521.44,X,R,X,I,I
0300000925,0000000033,20120712,0000000033,20120712,,0100000034,EUR,12042.8,10120,1922.8,P,I,S,I,I
0300000926,0000000033,20120713,0000000033,20120713,,0100000034,EUR,12042.8,10120,1922.8,R,R,X,I,I
0300000927,0000000033,20120714,0000000033,20120714,,0100000034,EUR,7663.6,6440,1223.6,X,R,X,I,I
0300000928,0000000033,20120715,0000000033,20120715,,0100000033,EUR,790.77,664.5,126.27,P,A,S,I,I
0300000929,0000000033,20120716,0000000033,20120716,,0100000035,EUR,635.22,533.8,101.42,R,R,X,I,I
0300000930,0000000033,20120717,0000000033,20120717,,0100000032,EUR,4606.5,3871,735.5,R,R,X,I,I
0300000931,0000000033,20120718,0000000033,20120718,,0100000035,EUR,484.21,406.9,77.31,P,I,C,I,I
0300000932,0000000033,20120719,0000000033,20120719,,0100000032,EUR,4606.5,3871,735.5,R,R,X,I,I
0300000933,0000000033,20120720,0000000033,20120720,,0100000027,EUR,10053.12,8448,1605.12,N,I,I,I,I
0300000934,0000000033,20120721,0000000033,20120721,,0100000028,EUR,2206.26,1854,352.26,P,I,S,I,I
0300000935,0000000033,20120722,0000000033,20120722,,0100000030,EUR,17885.7,15030,2855.7,C,A,S,I,D
0300000936,0000000033,20120723,0000000033,20120723,,0100000034,EUR,4379.2,3680,699.2,C,A,S,I,D
0300000937,0000000033,20120724,0000000033,20120724,,0100000031,EUR,8587.05,7216,1371.05,R,R,X,I,I
0300000938,0000000033,20120725,0000000033,20120725,,0100000032,EUR,5255.64,4416.5,839.14,R,R,X,I,I
0300000939,0000000033,20120726,0000000033,20120726,,0100000032,EUR,3932.37,3304.5,627.87,R,R,X,I,I
0300000940,0000000033,20120727,0000000033,20120727,,0100000033,EUR,1755.26,1475,280.26,N,I,I,I,I
0300000941,0000000033,20120728,0000000033,20120728,,0100000035,EUR,350.93,294.9,56.03,X,R,X,I,I
0300000942,0000000033,20120729,0000000033,20120729,,0100000030,EUR,3577.14,3006,571.14,C,A,S,I,D
0300000943,0000000033,20120730,0000000033,20120730,,0100000031,EUR,4765.96,4005,760.96,X,R,X,I,I
0300000944,0000000033,20120731,0000000033,20120731,,0100000027,EUR,5798.87,4873,925.87,X,R,X,I,I
0300000945,0000000033,20120801,0000000033,20120801,,0100000028,EUR,9761.57,8203,1558.57,R,R,X,I,I
0300000946,0000000033,20120802,0000000033,20120802,,0100000030,EUR,1896.86,1594,302.86,C,A,S,I,D
0300000947,0000000033,20120803,0000000033,20120803,,0100000033,EUR,583.7,490.5,93.2,N,I,I,I,I
0300000948,0000000033,20120804,0000000033,20120804,,0100000032,EUR,2634.07,2213.5,420.57,R,R,X,I,I
0300000949,0000000033,20120805,0000000033,20120805,,0100000031,EUR,7636.24,6417,1219.24,R,R,X,I,I
0300000950,0000000033,20120806,0000000033,20120806,,0100000044,EUR,11689.24,9822.89,1866.35,R,R,X,I,I
0300000951,0000000033,20120807,0000000033,20120807,,0100000036,EUR,4983.37,4187.7,795.67,X,R,X,I,I
0300000952,0000000033,20120808,0000000033,20120808,,0100000038,EUR,724.71,609,115.71,X,R,X,I,I
0300000953,0000000033,20120809,0000000033,20120809,,0100000037,EUR,1872.82,1573.8,299.02,C,A,S,I,D
0300000954,0000000033,20120810,0000000033,20120810,,0100000037,EUR,1240.46,1042.4,198.06,C,A,S,I,D
0300000955,0000000033,20120811,0000000033,20120811,,0100000042,EUR,12794.88,10752,2042.88,N,I,I,I,I
0300000956,0000000033,20120812,0000000033,20120812,,0100000044,EUR,1294.71,1087.99,206.72,C,A,S,I,D
0300000957,0000000033,20120813,0000000033,20120813,,0100000041,EUR,2645.37,2223,422.37,P,I,S,I,I
0300000958,0000000033,20120814,0000000033,20120814,,0100000043,EUR,16526.72,13888,2638.72,N,I,I,I,I
0300000959,0000000033,20120815,0000000033,20120815,,0100000044,EUR,4157.82,3493.96,663.86,N,I,I,I,I
0300000960,0000000033,20120816,0000000033,20120816,,0100000036,EUR,2751.29,2312,439.29,R,R,X,I,I
0300000961,0000000033,20120817,0000000033,20120817,,0100000041,EUR,1423.24,1196,227.24,R,R,X,I,I
0300000962,0000000033,20120818,0000000033,20120818,,0100000038,EUR,1006.74,846,160.74,R,R,X,I,I
0300000963,0000000033,20120819,0000000033,20120819,,0100000037,EUR,2354.54,1978.6,375.94,X,R,X,I,I
0300000964,0000000033,20120820,0000000033,20120820,,0100000037,EUR,1318.76,1108.2,210.56,R,R,X,I,I
0300000965,0000000033,20120821,0000000033,20120821,,0100000042,EUR,16148.3,13570,2578.3,R,R,X,I,I
0300000966,0000000033,20120822,0000000033,20120822,,0100000041,EUR,959.14,806,153.14,X,R,X,I,I
0300000967,0000000033,20120823,0000000033,20120823,,0100000038,EUR,132.09,111,21.09,C,A,S,I,D
0300000968,0000000033,20120824,0000000033,20120824,,0100000036,EUR,1909.36,1604.5,304.86,P,I,C,I,I
0300000969,0000000033,20120825,0000000033,20120825,,0100000043,EUR,12623.52,10608,2015.52,C,A,S,I,D
0300000970,0000000033,20120826,0000000033,20120826,,0100000044,EUR,9517.53,7997.91,1519.62,P,I,S,I,I
0300000971,0000000033,20120827,0000000033,20120827,,0100000036,EUR,744.71,625.8,118.91,N,I,I,I,I
0300000972,0000000033,20120828,0000000033,20120828,,0100000037,EUR,957.47,804.6,152.87,X,R,X,I,I
0300000973,0000000033,20120829,0000000033,20120829,,0100000042,EUR,7325.64,6156,1169.64,P,A,C,I,I
0300000974,0000000033,20120830,0000000033,20120830,,0100000038,EUR,949.62,798,151.62,X,R,X,I,I
0300000975,0000000033,20120831,0000000033,20120831,,0100000044,EUR,11689.25,9822.89,1866.36,P,I,S,I,I
0300000976,0000000033,20120901,0000000033,20120901,,0100000044,EUR,11689.24,9822.89,1866.35,P,I,C,I,I
0300000977,0000000033,20120902,0000000033,20120902,,0100000044,EUR,7438.62,6250.93,1187.69,C,A,S,I,D
0300000978,0000000033,20120903,0000000033,20120903,,0100000042,EUR,8563.24,7196,1367.24,X,R,X,I,I
0300000979,0000000033,20120904,0000000033,20120904,,0100000041,EUR,1485.12,1248,237.12,P,A,S,I,I
0300000980,0000000033,20120905,0000000033,20120905,,0100000037,EUR,2354.54,1978.6,375.94,P,A,S,I,I
0300000981,0000000033,20120906,0000000033,20120906,,0100000041,EUR,1129.31,949,180.31,C,A,S,I,D
0300000982,0000000033,20120907,0000000033,20120907,,0100000037,EUR,2354.54,1978.6,375.94,N,I,I,I,I
0300000983,0000000033,20120908,0000000033,20120908,,0100000043,EUR,14575.12,12248,2327.12,X,R,X,I,I
0300000984,0000000033,20120909,0000000033,20120909,,0100000044,EUR,2218.14,1863.98,354.16,C,A,S,I,D
0300000985,0000000033,20120910,0000000033,20120910,,0100000036,EUR,4044.22,3398.5,645.72,X,R,X,I,I
0300000986,0000000033,20120911,0000000033,20120911,,0100000044,EUR,4250.63,3571.96,678.67,R,R,X,I,I
0300000987,0000000033,20120912,0000000033,20120912,,0100000038,EUR,960.33,807,153.33,R,R,X,I,I
0300000988,0000000033,20120913,0000000033,20120913,,0100000037,EUR,2432.84,2044.4,388.44,P,A,S,I,I
0300000989,0000000033,20120914,0000000033,20120914,,0100000037,EUR,1553.67,1305.6,248.07,C,A,S,I,D
0300000990,0000000033,20120915,0000000033,20120915,,0100000042,EUR,15709.19,13201,2508.19,X,R,X,I,I
0300000991,0000000033,20120916,0000000033,20120916,,0100000041,EUR,819.91,689,130.91,P,A,S,I,I
0300000992,0000000033,20120917,0000000033,20120917,,0100000036,EUR,808.84,679.7,129.14,R,R,X,I,I
0300000993,0000000033,20120918,0000000033,20120918,,0100000038,EUR,489.09,411,78.09,C,A,S,I,D
0300000994,0000000033,20120919,0000000033,20120919,,0100000043,EUR,15718.71,13209,2509.71,N,I,I,I,I
0300000995,0000000033,20120920,0000000033,20120920,,0100000044,EUR,9517.53,7997.91,1519.62,X,R,X,I,I
0300000996,0000000033,20120921,0000000033,20120921,,0100000036,EUR,744.71,625.8,118.91,N,I,I,I,I
0300000997,0000000033,20120922,0000000033,20120922,,0100000042,EUR,5030.13,4227,803.13,C,A,S,I,D
0300000998,0000000033,20120923,0000000033,20120923,,0100000037,EUR,1397.06,1174,223.06,N,I,I,I,I
0300000999,0000000033,20120924,0000000033,20120924,,0100000038,EUR,885.36,744,141.36,N,I,I,I,I
