0500000000,0000000033,20120101,0000000033,20120115,,0100000000,EUR,26581.03,22337,4244.03,X,I,I
0500000001,0000000033,20120102,0000000033,20120116,,0100000002,EUR,9417.66,7914,1503.66,N,I,I
0500000002,0000000033,20120103,0000000033,20120117,,0100000005,EUR,5631.08,4732,899.08,P,I,D
0500000003,0000000033,20120104,0000000033,20120118,,0100000006,EUR,1405.39,1181,224.39,N,I,I
0500000004,0000000033,20120105,0000000033,20120119,,0100000006,EUR,761.24,639.7,121.54,C,P,D
0500000005,0000000033,20120106,0000000033,20120120,,0100000008,EUR,101299.22,85125.4,16173.82,X,I,I
0500000006,0000000033,20120107,0000000033,20120121,,0100000003,EUR,250.73,210.7,40.03,X,I,I
0500000007,0000000033,20120108,0000000033,20120122,,0100000004,EUR,10549.35,8865,1684.35,C,P,D
0500000008,0000000033,20120109,0000000033,20120123,,0100000009,EUR,195.16,164,31.16,X,I,I
0500000009,0000000033,20120110,0000000033,20120124,,0100000000,EUR,3972.22,3338,634.22,P,P,I
0500000010,0000000033,20120111,0000000033,20120125,,0100000002,EUR,3598.92,3024.3,574.62,N,I,I
0500000011,0000000033,20120112,0000000033,20120126,,0100000004,EUR,325.94,273.9,52.04,P,P,I
0500000012,0000000033,20120113,0000000033,20120127,,0100000005,EUR,24395,20500,3895,P,I,D
0500000013,0000000033,20120114,0000000033,20120128,,0100000006,EUR,5527.55,4645,882.55,P,I,D
0500000014,0000000033,20120115,0000000033,20120129,,0100000006,EUR,3459.33,2907,552.33,P,I,I
0500000015,0000000033,20120116,0000000033,20120130,,0100000008,EUR,852.04,716,136.04,X,I,I
0500000016,0000000033,20120117,0000000033,20120131,,0100000004,EUR,1916.5,1610.5,306,N,I,I
0500000017,0000000033,20120118,0000000033,20120201,,0100000005,EUR,178.14,149.7,28.44,P,P,D
0500000018,0000000033,20120119,0000000033,20120202,,0100000002,EUR,871.55,732.4,139.15,C,P,D
0500000019,0000000033,20120120,0000000033,20120203,,0100000009,EUR,1028.15,864,164.15,N,I,I
0500000020,0000000033,20120121,0000000033,20120204,,0100000000,EUR,5523.38,4641.5,881.88,N,I,I
0500000021,0000000033,20120122,0000000033,20120205,,0100000002,EUR,187.54,157.6,29.94,P,P,D
0500000022,0000000033,20120123,0000000033,20120206,,0100000006,EUR,521.22,438,83.22,N,I,I
0500000023,0000000033,20120124,0000000033,20120207,,0100000008,EUR,411.5,345.8,65.7,C,P,D
0500000024,0000000033,20120125,0000000033,20120208,,0100000005,EUR,11552.52,9708,1844.52,P,P,D
0500000025,0000000033,20120126,0000000033,20120209,,0100000003,EUR,26581.03,22337,4244.03,C,P,D
0500000026,0000000033,20120127,0000000033,20120210,,0100000003,EUR,9417.66,7914,1503.66,N,I,I
0500000027,0000000033,20120128,0000000033,20120211,,0100000003,EUR,5631.08,4732,899.08,C,P,D
0500000028,0000000033,20120129,0000000033,20120212,,0100000008,EUR,1405.39,1181,224.39,C,P,D
0500000029,0000000033,20120130,0000000033,20120213,,0100000004,EUR,761.24,639.7,121.54,N,I,I
0500000030,0000000033,20120131,0000000033,20120214,,0100000006,EUR,101299.22,85125.4,16173.82,P,I,D
0500000031,0000000033,20120201,0000000033,20120215,,0100000004,EUR,250.73,210.7,40.03,C,P,D
0500000032,0000000033,20120202,0000000033,20120216,,0100000006,EUR,10549.35,8865,1684.35,N,I,I
0500000033,0000000033,20120203,0000000033,20120217,,0100000009,EUR,195.16,164,31.16,N,I,I
0500000034,0000000033,20120204,0000000033,20120218,,0100000000,EUR,107100,90000,17100,N,I,I
0500000035,0000000033,20120205,0000000033,20120219,,0100000002,EUR,4415.73,3710.7,705.03,P,P,I
0500000036,0000000033,20120206,0000000033,20120220,,0100000003,EUR,325.94,273.9,52.04,X,I,I
0500000037,0000000033,20120207,0000000033,20120221,,0100000005,EUR,24220.07,20353,3867.07,P,P,D
0500000038,0000000033,20120208,0000000033,20120222,,0100000006,EUR,4499.87,3781.4,718.47,C,P,D
0500000039,0000000033,20120209,0000000033,20120223,,0100000006,EUR,2727.24,2291.8,435.44,C,P,D
0500000040,0000000033,20120210,0000000033,20120224,,0100000008,EUR,530.62,445.9,84.72,N,I,I
0500000041,0000000033,20120211,0000000033,20120225,,0100000004,EUR,803.25,675,128.25,C,P,D
0500000042,0000000033,20120212,0000000033,20120226,,0100000002,EUR,178.14,149.7,28.44,X,I,I
0500000043,0000000033,20120213,0000000033,20120227,,0100000005,EUR,871.55,732.4,139.15,P,P,D
0500000044,0000000033,20120214,0000000033,20120228,,0100000009,EUR,6543.8,5499,1044.8,C,P,D
0500000045,0000000033,20120215,0000000033,20120229,,0100000000,EUR,113032.74,94985.5,18047.24,C,P,D
0500000046,0000000033,20120216,0000000033,20120301,,0100000002,EUR,114.24,96,18.24,X,I,I
0500000047,0000000033,20120217,0000000033,20120302,,0100000008,EUR,521.22,438,83.22,C,P,D
0500000048,0000000033,20120218,0000000033,20120303,,0100000006,EUR,411.5,345.8,65.7,C,P,D
0500000049,0000000033,20120219,0000000033,20120304,,0100000005,EUR,11379.97,9563,1816.97,N,I,I
0500000050,0000000033,20120220,0000000033,20120305,,0100000026,EUR,26581.03,22337,4244.03,N,I,I
0500000051,0000000033,20120221,0000000033,20120306,,0100000025,EUR,9417.66,7914,1503.66,C,P,D
0500000052,0000000033,20120222,0000000033,20120307,,0100000022,EUR,5631.08,4732,899.08,X,I,I
0500000053,0000000033,20120223,0000000033,20120308,,0100000024,EUR,1405.39,1181,224.39,C,P,D
0500000054,0000000033,20120224,0000000033,20120309,,0100000024,EUR,761.24,639.7,121.54,P,I,I
0500000055,0000000033,20120225,0000000033,20120310,,0100000021,EUR,101299.22,85125.4,16173.82,C,P,D
0500000056,0000000033,20120226,0000000033,20120311,,0100000023,EUR,250.73,210.7,40.03,C,P,D
0500000057,0000000033,20120227,0000000033,20120312,,0100000019,EUR,10549.35,8865,1684.35,N,I,I
0500000058,0000000033,20120228,0000000033,20120313,,0100000026,EUR,195.16,164,31.16,X,I,I
0500000059,0000000033,20120229,0000000033,20120314,,0100000026,EUR,3972.22,3338,634.22,P,I,D
0500000060,0000000033,20120301,0000000033,20120315,,0100000025,EUR,3598.92,3024.3,574.62,P,P,I
0500000061,0000000033,20120302,0000000033,20120316,,0100000019,EUR,325.94,273.9,52.04,C,P,D
0500000062,0000000033,20120303,0000000033,20120317,,0100000022,EUR,24395,20500,3895,N,I,I
0500000063,0000000033,20120304,0000000033,20120318,,0100000024,EUR,5527.55,4645,882.55,P,I,D
0500000064,0000000033,20120305,0000000033,20120319,,0100000024,EUR,3459.33,2907,552.33,N,I,I
0500000065,0000000033,20120306,0000000033,20120320,,0100000021,EUR,852.04,716,136.04,C,P,D
0500000066,0000000033,20120307,0000000033,20120321,,0100000019,EUR,1916.5,1610.5,306,N,I,I
0500000067,0000000033,20120308,0000000033,20120322,,0100000022,EUR,178.14,149.7,28.44,C,P,D
0500000068,0000000033,20120309,0000000033,20120323,,0100000025,EUR,871.55,732.4,139.15,P,P,I
0500000069,0000000033,20120310,0000000033,20120324,,0100000026,EUR,1028.15,864,164.15,N,I,I
0500000070,0000000033,20120311,0000000033,20120325,,0100000026,EUR,5523.38,4641.5,881.88,X,I,I
0500000071,0000000033,20120312,0000000033,20120326,,0100000025,EUR,187.54,157.6,29.94,N,I,I
0500000072,0000000033,20120313,0000000033,20120327,,0100000024,EUR,521.22,438,83.22,N,I,I
0500000073,0000000033,20120314,0000000033,20120328,,0100000021,EUR,411.5,345.8,65.7,N,I,I
0500000074,0000000033,20120315,0000000033,20120329,,0100000022,EUR,11552.52,9708,1844.52,C,P,D
0500000075,0000000033,20120316,0000000033,20120330,,0100000023,EUR,26581.03,22337,4244.03,X,I,I
0500000076,0000000033,20120317,0000000033,20120331,,0100000023,EUR,9417.66,7914,1503.66,P,I,D
0500000077,0000000033,20120318,0000000033,20120401,,0100000023,EUR,5631.08,4732,899.08,C,P,D
0500000078,0000000033,20120319,0000000033,20120402,,0100000021,EUR,1405.39,1181,224.39,C,P,D
0500000079,0000000033,20120320,0000000033,20120403,,0100000019,EUR,761.24,639.7,121.54,N,I,I
0500000080,0000000033,20120321,0000000033,20120404,,0100000024,EUR,101299.22,85125.4,16173.82,P,I,D
0500000081,0000000033,20120322,0000000033,20120405,,0100000019,EUR,250.73,210.7,40.03,C,P,D
0500000082,0000000033,20120323,0000000033,20120406,,0100000024,EUR,10549.35,8865,1684.35,N,I,I
0500000083,0000000033,20120324,0000000033,20120407,,0100000026,EUR,195.16,164,31.16,C,P,D
0500000084,0000000033,20120325,0000000033,20120408,,0100000026,EUR,107100,90000,17100,C,P,D
0500000085,0000000033,20120326,0000000033,20120409,,0100000025,EUR,4415.73,3710.7,705.03,X,I,I
0500000086,0000000033,20120327,0000000033,20120410,,0100000023,EUR,325.94,273.9,52.04,C,P,D
0500000087,0000000033,20120328,0000000033,20120411,,0100000022,EUR,24220.07,20353,3867.07,X,I,I
0500000088,0000000033,20120329,0000000033,20120412,,0100000024,EUR,4499.87,3781.4,718.47,P,I,D
0500000089,0000000033,20120330,0000000033,20120413,,0100000024,EUR,2727.24,2291.8,435.44,N,I,I
0500000090,0000000033,20120331,0000000033,20120414,,0100000021,EUR,530.62,445.9,84.72,N,I,I
0500000091,0000000033,20120401,0000000033,20120415,,0100000019,EUR,803.25,675,128.25,N,I,I
0500000092,0000000033,20120402,0000000033,20120416,,0100000025,EUR,178.14,149.7,28.44,X,I,I
0500000093,0000000033,20120403,0000000033,20120417,,0100000022,EUR,871.55,732.4,139.15,X,I,I
0500000094,0000000033,20120404,0000000033,20120418,,0100000026,EUR,6543.8,5499,1044.8,C,P,D
0500000095,0000000033,20120405,0000000033,20120419,,0100000026,EUR,113032.74,94985.5,18047.24,X,I,I
0500000096,0000000033,20120406,0000000033,20120420,,0100000025,EUR,114.24,96,18.24,C,P,D
0500000097,0000000033,20120407,0000000033,20120421,,0100000021,EUR,521.22,438,83.22,P,P,D
0500000098,0000000033,20120408,0000000033,20120422,,0100000024,EUR,411.5,345.8,65.7,C,P,D
0500000099,0000000033,20120409,0000000033,20120423,,0100000022,EUR,11379.97,9563,1816.97,X,I,I
0500000100,0000000033,20120410,0000000033,20120424,,0100000012,EUR,26581.03,22337,4244.03,X,I,I
0500000101,0000000033,20120411,0000000033,20120425,,0100000011,EUR,9417.66,7914,1503.66,X,I,I
0500000102,0000000033,20120412,0000000033,20120426,,0100000015,EUR,5631.08,4732,899.08,P,I,I
0500000103,0000000033,20120413,0000000033,20120427,,0100000013,EUR,1405.39,1181,224.39,N,I,I
0500000104,0000000033,20120414,0000000033,20120428,,0100000013,EUR,761.24,639.7,121.54,C,P,D
0500000105,0000000033,20120415,0000000033,20120429,,0100000014,EUR,101299.22,85125.4,16173.82,X,I,I
0500000106,0000000033,20120416,0000000033,20120430,,0100000016,EUR,250.73,210.7,40.03,C,P,D
0500000107,0000000033,20120417,0000000033,20120501,,0100000017,EUR,10549.35,8865,1684.35,C,P,D
0500000108,0000000033,20120418,0000000033,20120502,,0100000018,EUR,195.16,164,31.16,P,I,D
0500000109,0000000033,20120419,0000000033,20120503,,0100000012,EUR,3972.22,3338,634.22,P,I,I
0500000110,0000000033,20120420,0000000033,20120504,,0100000011,EUR,3598.92,3024.3,574.62,P,I,D
0500000111,0000000033,20120421,0000000033,20120505,,0100000017,EUR,325.94,273.9,52.04,N,I,I
0500000112,0000000033,20120422,0000000033,20120506,,0100000015,EUR,24395,20500,3895,X,I,I
0500000113,0000000033,20120423,0000000033,20120507,,0100000013,EUR,5527.55,4645,882.55,N,I,I
0500000114,0000000033,20120424,0000000033,20120508,,0100000013,EUR,3459.33,2907,552.33,X,I,I
0500000115,0000000033,20120425,0000000033,20120509,,0100000014,EUR,852.04,716,136.04,P,I,I
0500000116,0000000033,20120426,0000000033,20120510,,0100000017,EUR,1916.5,1610.5,306,N,I,I
0500000117,0000000033,20120427,0000000033,20120511,,0100000015,EUR,178.14,149.7,28.44,P,P,D
0500000118,0000000033,20120428,0000000033,20120512,,0100000011,EUR,871.55,732.4,139.15,P,I,D
0500000119,0000000033,20120429,0000000033,20120513,,0100000018,EUR,1028.15,864,164.15,N,I,I
0500000120,0000000033,20120430,0000000033,20120514,,0100000012,EUR,5523.38,4641.5,881.88,X,I,I
0500000121,0000000033,20120501,0000000033,20120515,,0100000011,EUR,187.54,157.6,29.94,X,I,I
0500000122,0000000033,20120502,0000000033,20120516,,0100000013,EUR,521.22,438,83.22,N,I,I
0500000123,0000000033,20120503,0000000033,20120517,,0100000014,EUR,411.5,345.8,65.7,X,I,I
0500000124,0000000033,20120504,0000000033,20120518,,0100000015,EUR,11552.52,9708,1844.52,C,P,D
0500000125,0000000033,20120505,0000000033,20120519,,0100000016,EUR,26581.03,22337,4244.03,C,P,D
0500000126,0000000033,20120506,0000000033,20120520,,0100000016,EUR,9417.66,7914,1503.66,C,P,D
0500000127,0000000033,20120507,0000000033,20120521,,0100000016,EUR,5631.08,4732,899.08,C,P,D
0500000128,0000000033,20120508,0000000033,20120522,,0100000014,EUR,1405.39,1181,224.39,X,I,I
0500000129,0000000033,20120509,0000000033,20120523,,0100000017,EUR,761.24,639.7,121.54,C,P,D
0500000130,0000000033,20120510,0000000033,20120524,,0100000013,EUR,101299.22,85125.4,16173.82,C,P,D
0500000131,0000000033,20120511,0000000033,20120525,,0100000017,EUR,250.73,210.7,40.03,P,P,D
0500000132,0000000033,20120512,0000000033,20120526,,0100000013,EUR,10549.35,8865,1684.35,P,I,D
0500000133,0000000033,20120513,0000000033,20120527,,0100000018,EUR,195.16,164,31.16,C,P,D
0500000134,0000000033,20120514,0000000033,20120528,,0100000012,EUR,107100,90000,17100,P,P,I
0500000135,0000000033,20120515,0000000033,20120529,,0100000011,EUR,4415.73,3710.7,705.03,N,I,I
0500000136,0000000033,20120516,0000000033,20120530,,0100000016,EUR,325.94,273.9,52.04,X,I,I
0500000137,0000000033,20120517,0000000033,20120531,,0100000015,EUR,24220.07,20353,3867.07,P,I,D
0500000138,0000000033,20120518,0000000033,20120601,,0100000013,EUR,4499.87,3781.4,718.47,C,P,D
0500000139,0000000033,20120519,0000000033,20120602,,0100000013,EUR,2727.24,2291.8,435.44,P,P,D
0500000140,0000000033,20120520,0000000033,20120603,,0100000014,EUR,530.62,445.9,84.72,C,P,D
0500000141,0000000033,20120521,0000000033,20120604,,0100000017,EUR,803.25,675,128.25,P,I,I
0500000142,0000000033,20120522,0000000033,20120605,,0100000011,EUR,178.14,149.7,28.44,P,I,D
0500000143,0000000033,20120523,0000000033,20120606,,0100000015,EUR,871.55,732.4,139.15,P,P,I
0500000144,0000000033,20120524,0000000033,20120607,,0100000018,EUR,6543.8,5499,1044.8,X,I,I
0500000145,0000000033,20120525,0000000033,20120608,,0100000012,EUR,113032.74,94985.5,18047.24,P,I,D
0500000146,0000000033,20120526,0000000033,20120609,,0100000011,EUR,114.24,96,18.24,P,P,I
0500000147,0000000033,20120527,0000000033,20120610,,0100000014,EUR,521.22,438,83.22,N,I,I
0500000148,0000000033,20120528,0000000033,20120611,,0100000013,EUR,411.5,345.8,65.7,C,P,D
0500000149,0000000033,20120529,0000000033,20120612,,0100000015,EUR,11379.97,9563,1816.97,C,P,D
0500000150,0000000033,20120530,0000000033,20120613,,0100000028,EUR,26581.03,22337,4244.03,P,P,I
0500000151,0000000033,20120531,0000000033,20120614,,0100000030,EUR,9417.66,7914,1503.66,C,P,D
0500000152,0000000033,20120601,0000000033,20120615,,0100000031,EUR,5631.08,4732,899.08,N,I,I
0500000153,0000000033,20120602,0000000033,20120616,,0100000032,EUR,1405.39,1181,224.39,N,I,I
0500000154,0000000033,20120603,0000000033,20120617,,0100000032,EUR,761.24,639.7,121.54,C,P,D
0500000155,0000000033,20120604,0000000033,20120618,,0100000033,EUR,101299.22,85125.4,16173.82,C,P,D
0500000156,0000000033,20120605,0000000033,20120619,,0100000034,EUR,250.73,210.7,40.03,X,I,I
0500000157,0000000033,20120606,0000000033,20120620,,0100000035,EUR,10549.35,8865,1684.35,X,I,I
0500000158,0000000033,20120607,0000000033,20120621,,0100000027,EUR,195.16,164,31.16,X,I,I
0500000159,0000000033,20120608,0000000033,20120622,,0100000028,EUR,3972.22,3338,634.22,P,I,I
0500000160,0000000033,20120609,0000000033,20120623,,0100000030,EUR,3598.92,3024.3,574.62,X,I,I
0500000161,0000000033,20120610,0000000033,20120624,,0100000035,EUR,325.94,273.9,52.04,X,I,I
0500000162,0000000033,20120611,0000000033,20120625,,0100000031,EUR,24395,20500,3895,P,P,I
0500000163,0000000033,20120612,0000000033,20120626,,0100000032,EUR,5527.55,4645,882.55,C,P,D
0500000164,0000000033,20120613,0000000033,20120627,,0100000032,EUR,3459.33,2907,552.33,X,I,I
0500000165,0000000033,20120614,0000000033,20120628,,0100000033,EUR,852.04,716,136.04,X,I,I
0500000166,0000000033,20120615,0000000033,20120629,,0100000035,EUR,1916.5,1610.5,306,C,P,D
0500000167,0000000033,20120616,0000000033,20120630,,0100000031,EUR,178.14,149.7,28.44,X,I,I
0500000168,0000000033,20120617,0000000033,20120701,,0100000030,EUR,871.55,732.4,139.15,N,I,I
0500000169,0000000033,20120618,0000000033,20120702,,0100000027,EUR,1028.15,864,164.15,N,I,I
0500000170,0000000033,20120619,0000000033,20120703,,0100000028,EUR,5523.38,4641.5,881.88,C,P,D
0500000171,0000000033,20120620,0000000033,20120704,,0100000030,EUR,187.54,157.6,29.94,X,I,I
0500000172,0000000033,20120621,0000000033,20120705,,0100000032,EUR,521.22,438,83.22,P,P,I
0500000173,0000000033,20120622,0000000033,20120706,,0100000033,EUR,411.5,345.8,65.7,X,I,I
0500000174,0000000033,20120623,0000000033,20120707,,0100000031,EUR,11552.52,9708,1844.52,C,P,D
0500000175,0000000033,20120624,0000000033,20120708,,0100000034,EUR,26581.03,22337,4244.03,N,I,I
0500000176,0000000033,20120625,0000000033,20120709,,0100000034,EUR,9417.66,7914,1503.66,C,P,D
0500000177,0000000033,20120626,0000000033,20120710,,0100000034,EUR,5631.08,4732,899.08,C,P,D
0500000178,0000000033,20120627,0000000033,20120711,,0100000033,EUR,1405.39,1181,224.39,P,I,D
0500000179,0000000033,20120628,0000000033,20120712,,0100000035,EUR,761.24,639.7,121.54,C,P,D
0500000180,0000000033,20120629,0000000033,20120713,,0100000032,EUR,101299.22,85125.4,16173.82,X,I,I
0500000181,0000000033,20120630,0000000033,20120714,,0100000035,EUR,250.73,210.7,40.03,C,P,D
0500000182,0000000033,20120701,0000000033,20120715,,0100000032,EUR,10549.35,8865,1684.35,X,I,I
0500000183,0000000033,20120702,0000000033,20120716,,0100000027,EUR,195.16,164,31.16,P,I,I
0500000184,0000000033,20120703,0000000033,20120717,,0100000028,EUR,107100,90000,17100,P,P,D
0500000185,0000000033,20120704,0000000033,20120718,,0100000030,EUR,4415.73,3710.7,705.03,C,P,D
0500000186,0000000033,20120705,0000000033,20120719,,0100000034,EUR,325.94,273.9,52.04,N,I,I
0500000187,0000000033,20120706,0000000033,20120720,,0100000031,EUR,24220.07,20353,3867.07,P,P,I
0500000188,0000000033,20120707,0000000033,20120721,,0100000032,EUR,4499.87,3781.4,718.47,P,I,D
0500000189,0000000033,20120708,0000000033,20120722,,0100000032,EUR,2727.24,2291.8,435.44,N,I,I
0500000190,0000000033,20120709,0000000033,20120723,,0100000033,EUR,530.62,445.9,84.72,P,I,I
0500000191,0000000033,20120710,0000000033,20120724,,0100000035,EUR,803.25,675,128.25,C,P,D
0500000192,0000000033,20120711,0000000033,20120725,,0100000030,EUR,178.14,149.7,28.44,P,P,D
0500000193,0000000033,20120712,0000000033,20120726,,0100000031,EUR,871.55,732.4,139.15,X,I,I
0500000194,0000000033,20120713,0000000033,20120727,,0100000027,EUR,6543.8,5499,1044.8,C,P,D
0500000195,0000000033,20120714,0000000033,20120728,,0100000028,EUR,113032.74,94985.5,18047.24,N,I,I
0500000196,0000000033,20120715,0000000033,20120729,,0100000030,EUR,114.24,96,18.24,C,P,D
0500000197,0000000033,20120716,0000000033,20120730,,0100000033,EUR,521.22,438,83.22,X,I,I
0500000198,0000000033,20120717,0000000033,20120731,,0100000032,EUR,411.5,345.8,65.7,P,P,I
0500000199,0000000033,20120718,0000000033,20120801,,0100000031,EUR,11379.97,9563,1816.97,X,I,I
0500000200,0000000033,20120719,0000000033,20120802,,0100000044,EUR,26581.03,22337,4244.03,N,I,I
0500000201,0000000033,20120720,0000000033,20120803,,0100000036,EUR,9417.66,7914,1503.66,N,I,I
0500000202,0000000033,20120721,0000000033,20120804,,0100000038,EUR,5631.08,4732,899.08,X,I,I
0500000203,0000000033,20120722,0000000033,20120805,,0100000037,EUR,1405.39,1181,224.39,C,P,D
0500000204,0000000033,20120723,0000000033,20120806,,0100000037,EUR,761.24,639.7,121.54,P,P,I
0500000205,0000000033,20120724,0000000033,20120807,,0100000042,EUR,101299.22,85125.4,16173.82,C,P,D
0500000206,0000000033,20120725,0000000033,20120808,,0100000044,EUR,250.73,210.7,40.03,C,P,D
0500000207,0000000033,20120726,0000000033,20120809,,0100000041,EUR,10549.35,8865,1684.35,P,P,I
0500000208,0000000033,20120727,0000000033,20120810,,0100000043,EUR,195.16,164,31.16,P,I,I
0500000209,0000000033,20120728,0000000033,20120811,,0100000044,EUR,3972.22,3338,634.22,C,P,D
0500000210,0000000033,20120729,0000000033,20120812,,0100000036,EUR,3598.92,3024.3,574.62,C,P,D
0500000211,0000000033,20120730,0000000033,20120813,,0100000041,EUR,325.94,273.9,52.04,X,I,I
0500000212,0000000033,20120731,0000000033,20120814,,0100000038,EUR,24395,20500,3895,C,P,D
0500000213,0000000033,20120801,0000000033,20120815,,0100000037,EUR,5527.55,4645,882.55,P,I,I
0500000214,0000000033,20120802,0000000033,20120816,,0100000037,EUR,3459.33,2907,552.33,P,P,D
0500000215,0000000033,20120803,0000000033,20120817,,0100000042,EUR,852.04,716,136.04,X,I,I
0500000216,0000000033,20120804,0000000033,20120818,,0100000041,EUR,1916.5,1610.5,306,N,I,I
0500000217,0000000033,20120805,0000000033,20120819,,0100000038,EUR,178.14,149.7,28.44,X,I,I
0500000218,0000000033,20120806,0000000033,20120820,,0100000036,EUR,871.55,732.4,139.15,N,I,I
0500000219,0000000033,20120807,0000000033,20120821,,0100000043,EUR,1028.15,864,164.15,P,I,I
0500000220,0000000033,20120808,0000000033,20120822,,0100000044,EUR,5523.38,4641.5,881.88,P,I,I
0500000221,0000000033,20120809,0000000033,20120823,,0100000036,EUR,187.54,157.6,29.94,N,I,I
0500000222,0000000033,20120810,0000000033,20120824,,0100000037,EUR,521.22,438,83.22,X,I,I
0500000223,0000000033,20120811,0000000033,20120825,,0100000042,EUR,411.5,345.8,65.7,N,I,I
0500000224,0000000033,20120812,0000000033,20120826,,0100000038,EUR,11552.52,9708,1844.52,C,P,D
0500000225,0000000033,20120813,0000000033,20120827,,0100000044,EUR,26581.03,22337,4244.03,X,I,I
0500000226,0000000033,20120814,0000000033,20120828,,0100000044,EUR,9417.66,7914,1503.66,N,I,I
0500000227,0000000033,20120815,0000000033,20120829,,0100000044,EUR,5631.08,4732,899.08,X,I,I
0500000228,0000000033,20120816,0000000033,20120830,,0100000042,EUR,1405.39,1181,224.39,C,P,D
0500000229,0000000033,20120817,0000000033,20120831,,0100000041,EUR,761.24,639.7,121.54,N,I,I
0500000230,0000000033,20120818,0000000033,20120901,,0100000037,EUR,101299.22,85125.4,16173.82,X,I,I
0500000231,0000000033,20120819,0000000033,20120902,,0100000041,EUR,250.73,210.7,40.03,N,I,I
0500000232,0000000033,20120820,0000000033,20120903,,0100000037,EUR,10549.35,8865,1684.35,N,I,I
0500000233,0000000033,20120821,0000000033,20120904,,0100000043,EUR,195.16,164,31.16,C,P,D
0500000234,0000000033,20120822,0000000033,20120905,,0100000044,EUR,107100,90000,17100,X,I,I
0500000235,0000000033,20120823,0000000033,20120906,,0100000036,EUR,4415.73,3710.7,705.03,N,I,I
0500000236,0000000033,20120824,0000000033,20120907,,0100000044,EUR,325.94,273.9,52.04,N,I,I
0500000237,0000000033,20120825,0000000033,20120908,,0100000038,EUR,24220.07,20353,3867.07,C,P,D
0500000238,0000000033,20120826,0000000033,20120909,,0100000037,EUR,4499.87,3781.4,718.47,P,P,I
0500000239,0000000033,20120827,0000000033,20120910,,0100000037,EUR,2727.24,2291.8,435.44,P,I,D
0500000240,0000000033,20120828,0000000033,20120911,,0100000042,EUR,530.62,445.9,84.72,X,I,I
0500000241,0000000033,20120829,0000000033,20120912,,0100000041,EUR,803.25,675,128.25,P,I,D
0500000242,0000000033,20120830,0000000033,20120913,,0100000036,EUR,178.14,149.7,28.44,N,I,I
0500000243,0000000033,20120831,0000000033,20120914,,0100000038,EUR,871.55,732.4,139.15,X,I,I
0500000244,0000000033,20120901,0000000033,20120915,,0100000043,EUR,6543.8,5499,1044.8,X,I,I
0500000245,0000000033,20120902,0000000033,20120916,,0100000044,EUR,113032.74,94985.5,18047.24,X,I,I
0500000246,0000000033,20120903,0000000033,20120917,,0100000036,EUR,114.24,96,18.24,N,I,I
0500000247,0000000033,20120904,0000000033,20120918,,0100000042,EUR,521.22,438,83.22,P,I,D
0500000248,0000000033,20120905,0000000033,20120919,,0100000037,EUR,411.5,345.8,65.7,X,I,I
0500000249,0000000033,20120906,0000000033,20120920,,0100000038,EUR,11379.97,9563,1816.97,C,P,D
0500000250,0000000033,20120907,0000000033,20120921,,0100000000,EUR,26581.03,22337,4244.03,N,I,I
0500000251,0000000033,20120908,0000000033,20120922,,0100000002,EUR,9417.66,7914,1503.66,C,P,D
0500000252,0000000033,20120909,0000000033,20120923,,0100000005,EUR,5631.08,4732,899.08,N,I,I
0500000253,0000000033,20120910,0000000033,20120924,,0100000006,EUR,1405.39,1181,224.39,C,P,D
0500000254,0000000033,20120911,0000000033,20120925,,0100000006,EUR,761.24,639.7,121.54,X,I,I
0500000255,0000000033,20120912,0000000033,20120926,,0100000008,EUR,101299.22,85125.4,16173.82,C,P,D
0500000256,0000000033,20120913,0000000033,20120927,,0100000003,EUR,250.73,210.7,40.03,N,I,I
0500000257,0000000033,20120914,0000000033,20120928,,0100000004,EUR,10549.35,8865,1684.35,P,I,D
0500000258,0000000033,20120915,0000000033,20120929,,0100000009,EUR,195.16,164,31.16,C,P,D
0500000259,0000000033,20120916,0000000033,20120930,,0100000000,EUR,3972.22,3338,634.22,X,I,I
0500000260,0000000033,20120917,0000000033,20121001,,0100000002,EUR,3598.92,3024.3,574.62,C,P,D
0500000261,0000000033,20120918,0000000033,20121002,,0100000004,EUR,325.94,273.9,52.04,C,P,D
0500000262,0000000033,20120919,0000000033,20121003,,0100000005,EUR,24395,20500,3895,X,I,I
0500000263,0000000033,20120920,0000000033,20121004,,0100000006,EUR,5527.55,4645,882.55,X,I,I
0500000264,0000000033,20120921,0000000033,20121005,,0100000006,EUR,3459.33,2907,552.33,X,I,I
0500000265,0000000033,20120922,0000000033,20121006,,0100000008,EUR,852.04,716,136.04,P,P,I
0500000266,0000000033,20120923,0000000033,20121007,,0100000004,EUR,1916.5,1610.5,306,P,P,D
0500000267,0000000033,20120924,0000000033,20121008,,0100000005,EUR,178.14,149.7,28.44,P,P,I
0500000268,0000000033,20120925,0000000033,20121009,,0100000002,EUR,871.55,732.4,139.15,P,P,I
0500000269,0000000033,20120926,0000000033,20121010,,0100000009,EUR,1028.15,864,164.15,X,I,I
0500000270,0000000033,20120927,0000000033,20121011,,0100000000,EUR,5523.38,4641.5,881.88,X,I,I
0500000271,0000000033,20120928,0000000033,20121012,,0100000002,EUR,187.54,157.6,29.94,P,P,D
0500000272,0000000033,20120929,0000000033,20121013,,0100000006,EUR,521.22,438,83.22,C,P,D
0500000273,0000000033,20120930,0000000033,20121014,,0100000008,EUR,411.5,345.8,65.7,P,P,D
0500000274,0000000033,20121001,0000000033,20121015,,0100000005,EUR,11552.52,9708,1844.52,C,P,D
0500000275,0000000033,20121002,0000000033,20121016,,0100000003,EUR,26581.03,22337,4244.03,N,I,I
0500000276,0000000033,20121003,0000000033,20121017,,0100000003,EUR,9417.66,7914,1503.66,C,P,D
0500000277,0000000033,20121004,0000000033,20121018,,0100000003,EUR,5631.08,4732,899.08,P,I,I
0500000278,0000000033,20121005,0000000033,20121019,,0100000008,EUR,1405.39,1181,224.39,P,P,D
0500000279,0000000033,20121006,0000000033,20121020,,0100000004,EUR,761.24,639.7,121.54,P,P,I
0500000280,0000000033,20121007,0000000033,20121021,,0100000006,EUR,101299.22,85125.4,16173.82,P,I,I
0500000281,0000000033,20121008,0000000033,20121022,,0100000004,EUR,250.73,210.7,40.03,C,P,D
0500000282,0000000033,20121009,0000000033,20121023,,0100000006,EUR,10549.35,8865,1684.35,X,I,I
0500000283,0000000033,20121010,0000000033,20121024,,0100000009,EUR,195.16,164,31.16,N,I,I
0500000284,0000000033,20121011,0000000033,20121025,,0100000000,EUR,107100,90000,17100,P,P,I
0500000285,0000000033,20121012,0000000033,20121026,,0100000002,EUR,4415.73,3710.7,705.03,P,I,I
0500000286,0000000033,20121013,0000000033,20121027,,0100000003,EUR,325.94,273.9,52.04,C,P,D
0500000287,0000000033,20121014,0000000033,20121028,,0100000005,EUR,24220.07,20353,3867.07,N,I,I
0500000288,0000000033,20121015,0000000033,20121029,,0100000006,EUR,4499.87,3781.4,718.47,P,P,D
0500000289,0000000033,20121016,0000000033,20121030,,0100000006,EUR,2727.24,2291.8,435.44,N,I,I
0500000290,0000000033,20121017,0000000033,20121031,,0100000008,EUR,530.62,445.9,84.72,N,I,I
0500000291,0000000033,20121018,0000000033,20121101,,0100000004,EUR,803.25,675,128.25,C,P,D
0500000292,0000000033,20121019,0000000033,20121102,,0100000002,EUR,178.14,149.7,28.44,N,I,I
0500000293,0000000033,20121020,0000000033,20121103,,0100000005,EUR,871.55,732.4,139.15,X,I,I
0500000294,0000000033,20121021,0000000033,20121104,,0100000009,EUR,6543.8,5499,1044.8,N,I,I
0500000295,0000000033,20121022,0000000033,20121105,,0100000000,EUR,113032.74,94985.5,18047.24,X,I,I
0500000296,0000000033,20121023,0000000033,20121106,,0100000002,EUR,114.24,96,18.24,N,I,I
0500000297,0000000033,20121024,0000000033,20121107,,0100000008,EUR,521.22,438,83.22,X,I,I
0500000298,0000000033,20121025,0000000033,20121108,,0100000006,EUR,411.5,345.8,65.7,X,I,I
0500000299,0000000033,20121026,0000000033,20121109,,0100000005,EUR,11379.97,9563,1816.97,C,P,D
0500000300,0000000033,20121027,0000000033,20121110,,0100000026,EUR,26581.03,22337,4244.03,X,I,I
0500000301,0000000033,20121028,0000000033,20121111,,0100000025,EUR,9417.66,7914,1503.66,P,I,I
0500000302,0000000033,20121029,0000000033,20121112,,0100000022,EUR,5631.08,4732,899.08,N,I,I
0500000303,0000000033,20121030,0000000033,20121113,,0100000024,EUR,1405.39,1181,224.39,C,P,D
0500000304,0000000033,20121031,0000000033,20121114,,0100000024,EUR,761.24,639.7,121.54,X,I,I
0500000305,0000000033,20121101,0000000033,20121115,,0100000021,EUR,101299.22,85125.4,16173.82,N,I,I
0500000306,0000000033,20121102,0000000033,20121116,,0100000023,EUR,250.73,210.7,40.03,N,I,I
0500000307,0000000033,20121103,0000000033,20121117,,0100000019,EUR,10549.35,8865,1684.35,X,I,I
0500000308,0000000033,20121104,0000000033,20121118,,0100000026,EUR,195.16,164,31.16,N,I,I
0500000309,0000000033,20121105,0000000033,20121119,,0100000026,EUR,3972.22,3338,634.22,P,I,D
0500000310,0000000033,20121106,0000000033,20121120,,0100000025,EUR,3598.92,3024.3,574.62,X,I,I
0500000311,0000000033,20121107,0000000033,20121121,,0100000019,EUR,325.94,273.9,52.04,C,P,D
0500000312,0000000033,20121108,0000000033,20121122,,0100000022,EUR,24395,20500,3895,C,P,D
0500000313,0000000033,20121109,0000000033,20121123,,0100000024,EUR,5527.55,4645,882.55,P,P,I
0500000314,0000000033,20121110,0000000033,20121124,,0100000024,EUR,3459.33,2907,552.33,C,P,D
0500000315,0000000033,20121111,0000000033,20121125,,0100000021,EUR,852.04,716,136.04,X,I,I
0500000316,0000000033,20121112,0000000033,20121126,,0100000019,EUR,1916.5,1610.5,306,X,I,I
0500000317,0000000033,20121113,0000000033,20121127,,0100000022,EUR,178.14,149.7,28.44,X,I,I
0500000318,0000000033,20121114,0000000033,20121128,,0100000025,EUR,871.55,732.4,139.15,C,P,D
0500000319,0000000033,20121115,0000000033,20121129,,0100000026,EUR,1028.15,864,164.15,X,I,I
0500000320,0000000033,20121116,0000000033,20121130,,0100000026,EUR,5523.38,4641.5,881.88,X,I,I
0500000321,0000000033,20121117,0000000033,20121201,,0100000025,EUR,187.54,157.6,29.94,P,I,I
0500000322,0000000033,20121118,0000000033,20121202,,0100000024,EUR,521.22,438,83.22,P,P,D
0500000323,0000000033,20121119,0000000033,20121203,,0100000021,EUR,411.5,345.8,65.7,N,I,I
0500000324,0000000033,20121120,0000000033,20121204,,0100000022,EUR,11552.52,9708,1844.52,P,I,I
0500000325,0000000033,20121121,0000000033,20121205,,0100000023,EUR,26581.03,22337,4244.03,P,P,I
0500000326,0000000033,20121122,0000000033,20121206,,0100000023,EUR,9417.66,7914,1503.66,N,I,I
0500000327,0000000033,20121123,0000000033,20121207,,0100000023,EUR,5631.08,4732,899.08,C,P,D
0500000328,0000000033,20121124,0000000033,20121208,,0100000021,EUR,1405.39,1181,224.39,P,I,D
0500000329,0000000033,20121125,0000000033,20121209,,0100000019,EUR,761.24,639.7,121.54,C,P,D
0500000330,0000000033,20121126,0000000033,20121210,,0100000024,EUR,101299.22,85125.4,16173.82,P,P,D
0500000331,0000000033,20121127,0000000033,20121211,,0100000019,EUR,250.73,210.7,40.03,N,I,I
0500000332,0000000033,20121128,0000000033,20121212,,0100000024,EUR,10549.35,8865,1684.35,X,I,I
0500000333,0000000033,20121129,0000000033,20121213,,0100000026,EUR,195.16,164,31.16,P,I,I
0500000334,0000000033,20121130,0000000033,20121214,,0100000026,EUR,107100,90000,17100,X,I,I
0500000335,0000000033,20121201,0000000033,20121215,,0100000025,EUR,4415.73,3710.7,705.03,X,I,I
0500000336,0000000033,20121202,0000000033,20121216,,0100000023,EUR,325.94,273.9,52.04,C,P,D
0500000337,0000000033,20121203,0000000033,20121217,,0100000022,EUR,24220.07,20353,3867.07,C,P,D
0500000338,0000000033,20121204,0000000033,20121218,,0100000024,EUR,4499.87,3781.4,718.47,X,I,I
0500000339,0000000033,20121205,0000000033,20121219,,0100000024,EUR,2727.24,2291.8,435.44,N,I,I
0500000340,0000000033,20121206,0000000033,20121220,,0100000021,EUR,530.62,445.9,84.72,X,I,I
0500000341,0000000033,20121207,0000000033,20121221,,0100000019,EUR,803.25,675,128.25,N,I,I
0500000342,0000000033,20121208,0000000033,20121222,,0100000025,EUR,178.14,149.7,28.44,C,P,D
0500000343,0000000033,20121209,0000000033,20121223,,0100000022,EUR,871.55,732.4,139.15,P,P,D
0500000344,0000000033,20121210,0000000033,20121224,,0100000026,EUR,6543.8,5499,1044.8,C,P,D
0500000345,0000000033,20121211,0000000033,20121225,,0100000026,EUR,113032.74,94985.5,18047.24,N,I,I
0500000346,0000000033,20121212,0000000033,20121226,,0100000025,EUR,114.24,96,18.24,X,I,I
0500000347,0000000033,20121213,0000000033,20121227,,0100000021,EUR,521.22,438,83.22,C,P,D
0500000348,0000000033,20121214,0000000033,20121228,,0100000024,EUR,411.5,345.8,65.7,P,P,D
0500000349,0000000033,20121215,0000000033,20121229,,0100000022,EUR,11379.97,9563,1816.97,X,I,I
0500000350,0000000033,20121216,0000000033,20121230,,0100000012,EUR,26581.03,22337,4244.03,N,I,I
0500000351,0000000033,20121217,0000000033,20121231,,0100000011,EUR,9417.66,7914,1503.66,X,I,I
0500000352,0000000033,20121218,0000000033,20150101,,0100000015,EUR,5631.08,4732,899.08,P,I,D
0500000353,0000000033,20121219,0000000033,20130102,,0100000013,EUR,1405.39,1181,224.39,C,P,D
0500000354,0000000033,20121220,0000000033,20130103,,0100000013,EUR,761.24,639.7,121.54,P,P,I
0500000355,0000000033,20121221,0000000033,20130104,,0100000014,EUR,101299.22,85125.4,16173.82,N,I,I
0500000356,0000000033,20121222,0000000033,20130105,,0100000016,EUR,250.73,210.7,40.03,C,P,D
0500000357,0000000033,20121223,0000000033,20130106,,0100000017,EUR,10549.35,8865,1684.35,N,I,I
0500000358,0000000033,20121224,0000000033,20130107,,0100000018,EUR,195.16,164,31.16,N,I,I
0500000359,0000000033,20121225,0000000033,20130108,,0100000012,EUR,3972.22,3338,634.22,X,I,I
0500000360,0000000033,20121226,0000000033,20130109,,0100000011,EUR,3598.92,3024.3,574.62,N,I,I
0500000361,0000000033,20121227,0000000033,20130110,,0100000017,EUR,325.94,273.9,52.04,N,I,I
0500000362,0000000033,20121228,0000000033,20130111,,0100000015,EUR,24395,20500,3895,C,P,D
0500000363,0000000033,20121229,0000000033,20130112,,0100000013,EUR,5527.55,4645,882.55,N,I,I
0500000364,0000000033,20121230,0000000033,20130113,,0100000013,EUR,3459.33,2907,552.33,C,P,D
0500000365,0000000033,20121231,0000000033,20130114,,0100000014,EUR,852.04,716,136.04,C,P,D
0500000366,0000000033,20120101,0000000033,20120115,,0100000017,EUR,1916.5,1610.5,306,X,I,I
0500000367,0000000033,20120102,0000000033,20120116,,0100000015,EUR,178.14,149.7,28.44,P,P,I
0500000368,0000000033,20120103,0000000033,20120117,,0100000011,EUR,871.55,732.4,139.15,C,P,D
0500000369,0000000033,20120104,0000000033,20120118,,0100000018,EUR,1028.15,864,164.15,N,I,I
0500000370,0000000033,20120105,0000000033,20120119,,0100000012,EUR,5523.38,4641.5,881.88,X,I,I
0500000371,0000000033,20120106,0000000033,20120120,,0100000011,EUR,187.54,157.6,29.94,C,P,D
0500000372,0000000033,20120107,0000000033,20120121,,0100000013,EUR,521.22,438,83.22,C,P,D
0500000373,0000000033,20120108,0000000033,20120122,,0100000014,EUR,411.5,345.8,65.7,C,P,D
0500000374,0000000033,20120109,0000000033,20120123,,0100000015,EUR,11552.52,9708,1844.52,N,I,I
0500000375,0000000033,20120110,0000000033,20120124,,0100000016,EUR,26581.03,22337,4244.03,N,I,I
0500000376,0000000033,20120111,0000000033,20120125,,0100000016,EUR,9417.66,7914,1503.66,X,I,I
0500000377,0000000033,20120112,0000000033,20120126,,0100000016,EUR,5631.08,4732,899.08,N,I,I
0500000378,0000000033,20120113,0000000033,20120127,,0100000014,EUR,1405.39,1181,224.39,P,I,I
0500000379,0000000033,20120114,0000000033,20120128,,0100000017,EUR,761.24,639.7,121.54,N,I,I
0500000380,0000000033,20120115,0000000033,20120129,,0100000013,EUR,101299.22,85125.4,16173.82,X,I,I
0500000381,0000000033,20120116,0000000033,20120130,,0100000017,EUR,250.73,210.7,40.03,N,I,I
0500000382,0000000033,20120117,0000000033,20120131,,0100000013,EUR,10549.35,8865,1684.35,P,I,I
0500000383,0000000033,20120118,0000000033,20120201,,0100000018,EUR,195.16,164,31.16,C,P,D
0500000384,0000000033,20120119,0000000033,20120202,,0100000012,EUR,107100,90000,17100,N,I,I
0500000385,0000000033,20120120,0000000033,20120203,,0100000011,EUR,4415.73,3710.7,705.03,X,I,I
0500000386,0000000033,20120121,0000000033,20120204,,0100000016,EUR,325.94,273.9,52.04,X,I,I
0500000387,0000000033,20120122,0000000033,20120205,,0100000015,EUR,24220.07,20353,3867.07,X,I,I
0500000388,0000000033,20120123,0000000033,20120206,,0100000013,EUR,4499.87,3781.4,718.47,X,I,I
0500000389,0000000033,20120124,0000000033,20120207,,0100000013,EUR,2727.24,2291.8,435.44,N,I,I
0500000390,0000000033,20120125,0000000033,20120208,,0100000014,EUR,530.62,445.9,84.72,P,I,D
0500000391,0000000033,20120126,0000000033,20120209,,0100000017,EUR,803.25,675,128.25,P,P,I
0500000392,0000000033,20120127,0000000033,20120210,,0100000011,EUR,178.14,149.7,28.44,C,P,D
0500000393,0000000033,20120128,0000000033,20120211,,0100000015,EUR,871.55,732.4,139.15,X,I,I
0500000394,0000000033,20120129,0000000033,20120212,,0100000018,EUR,6543.8,5499,1044.8,N,I,I
0500000395,0000000033,20120130,0000000033,20120213,,0100000012,EUR,113032.74,94985.5,18047.24,P,I,D
0500000396,0000000033,20120131,0000000033,20120214,,0100000011,EUR,114.24,96,18.24,P,P,D
0500000397,0000000033,20120201,0000000033,20120215,,0100000014,EUR,521.22,438,83.22,X,I,I
0500000398,0000000033,20120202,0000000033,20120216,,0100000013,EUR,411.5,345.8,65.7,P,P,D
0500000399,0000000033,20120203,0000000033,20120217,,0100000015,EUR,11379.97,9563,1816.97,X,I,I
0500000400,0000000033,20120204,0000000033,20120218,,0100000028,EUR,26581.03,22337,4244.03,C,P,D
0500000401,0000000033,20120205,0000000033,20120219,,0100000030,EUR,9417.66,7914,1503.66,P,I,I
0500000402,0000000033,20120206,0000000033,20120220,,0100000031,EUR,5631.08,4732,899.08,N,I,I
0500000403,0000000033,20120207,0000000033,20120221,,0100000032,EUR,1405.39,1181,224.39,X,I,I
0500000404,0000000033,20120208,0000000033,20120222,,0100000032,EUR,761.24,639.7,121.54,P,P,I
0500000405,0000000033,20120209,0000000033,20120223,,0100000033,EUR,101299.22,85125.4,16173.82,C,P,D
0500000406,0000000033,20120210,0000000033,20120224,,0100000034,EUR,250.73,210.7,40.03,X,I,I
0500000407,0000000033,20120211,0000000033,20120225,,0100000035,EUR,10549.35,8865,1684.35,X,I,I
0500000408,0000000033,20120212,0000000033,20120226,,0100000027,EUR,195.16,164,31.16,X,I,I
0500000409,0000000033,20120213,0000000033,20120227,,0100000028,EUR,3972.22,3338,634.22,C,P,D
0500000410,0000000033,20120214,0000000033,20120228,,0100000030,EUR,3598.92,3024.3,574.62,C,P,D
0500000411,0000000033,20120215,0000000033,20120229,,0100000035,EUR,325.94,273.9,52.04,X,I,I
0500000412,0000000033,20120216,0000000033,20120301,,0100000031,EUR,24395,20500,3895,X,I,I
0500000413,0000000033,20120217,0000000033,20120302,,0100000032,EUR,5527.55,4645,882.55,X,I,I
0500000414,0000000033,20120218,0000000033,20120303,,0100000032,EUR,3459.33,2907,552.33,P,I,I
0500000415,0000000033,20120219,0000000033,20120304,,0100000033,EUR,852.04,716,136.04,X,I,I
0500000416,0000000033,20120220,0000000033,20120305,,0100000035,EUR,1916.5,1610.5,306,X,I,I
0500000417,0000000033,20120221,0000000033,20120306,,0100000031,EUR,178.14,149.7,28.44,N,I,I
0500000418,0000000033,20120222,0000000033,20120307,,0100000030,EUR,871.55,732.4,139.15,C,P,D
0500000419,0000000033,20120223,0000000033,20120308,,0100000027,EUR,1028.15,864,164.15,N,I,I
0500000420,0000000033,20120224,0000000033,20120309,,0100000028,EUR,5523.38,4641.5,881.88,P,P,D
0500000421,0000000033,20120225,0000000033,20120310,,0100000030,EUR,187.54,157.6,29.94,X,I,I
0500000422,0000000033,20120226,0000000033,20120311,,0100000032,EUR,521.22,438,83.22,P,I,I
0500000423,0000000033,20120227,0000000033,20120312,,0100000033,EUR,411.5,345.8,65.7,C,P,D
0500000424,0000000033,20120228,0000000033,20120313,,0100000031,EUR,11552.52,9708,1844.52,C,P,D
0500000425,0000000033,20120229,0000000033,20120314,,0100000034,EUR,26581.03,22337,4244.03,N,I,I
0500000426,0000000033,20120301,0000000033,20120315,,0100000034,EUR,9417.66,7914,1503.66,C,P,D
0500000427,0000000033,20120302,0000000033,20120316,,0100000034,EUR,5631.08,4732,899.08,N,I,I
0500000428,0000000033,20120303,0000000033,20120317,,0100000033,EUR,1405.39,1181,224.39,N,I,I
0500000429,0000000033,20120304,0000000033,20120318,,0100000035,EUR,761.24,639.7,121.54,N,I,I
0500000430,0000000033,20120305,0000000033,20120319,,0100000032,EUR,101299.22,85125.4,16173.82,C,P,D
0500000431,0000000033,20120306,0000000033,20120320,,0100000035,EUR,250.73,210.7,40.03,C,P,D
0500000432,0000000033,20120307,0000000033,20120321,,0100000032,EUR,10549.35,8865,1684.35,P,I,D
0500000433,0000000033,20120308,0000000033,20120322,,0100000027,EUR,195.16,164,31.16,X,I,I
0500000434,0000000033,20120309,0000000033,20120323,,0100000028,EUR,107100,90000,17100,X,I,I
0500000435,0000000033,20120310,0000000033,20120324,,0100000030,EUR,4415.73,3710.7,705.03,C,P,D
0500000436,0000000033,20120311,0000000033,20120325,,0100000034,EUR,325.94,273.9,52.04,N,I,I
0500000437,0000000033,20120312,0000000033,20120326,,0100000031,EUR,24220.07,20353,3867.07,N,I,I
0500000438,0000000033,20120313,0000000033,20120327,,0100000032,EUR,4499.87,3781.4,718.47,P,P,D
0500000439,0000000033,20120314,0000000033,20120328,,0100000032,EUR,2727.24,2291.8,435.44,C,P,D
0500000440,0000000033,20120315,0000000033,20120329,,0100000033,EUR,530.62,445.9,84.72,P,I,I
0500000441,0000000033,20120316,0000000033,20120330,,0100000035,EUR,803.25,675,128.25,C,P,D
0500000442,0000000033,20120317,0000000033,20120331,,0100000030,EUR,178.14,149.7,28.44,P,P,I
0500000443,0000000033,20120318,0000000033,20120401,,0100000031,EUR,871.55,732.4,139.15,X,I,I
0500000444,0000000033,20120319,0000000033,20120402,,0100000027,EUR,6543.8,5499,1044.8,X,I,I
0500000445,0000000033,20120320,0000000033,20120403,,0100000028,EUR,113032.74,94985.5,18047.24,X,I,I
0500000446,0000000033,20120321,0000000033,20120404,,0100000030,EUR,114.24,96,18.24,N,I,I
0500000447,0000000033,20120322,0000000033,20120405,,0100000033,EUR,521.22,438,83.22,X,I,I
0500000448,0000000033,20120323,0000000033,20120406,,0100000032,EUR,411.5,345.8,65.7,N,I,I
0500000449,0000000033,20120324,0000000033,20120407,,0100000031,EUR,11379.97,9563,1816.97,P,P,I
0500000450,0000000033,20120325,0000000033,20120408,,0100000044,EUR,26581.03,22337,4244.03,P,I,D
0500000451,0000000033,20120326,0000000033,20120409,,0100000036,EUR,9417.66,7914,1503.66,X,I,I
0500000452,0000000033,20120327,0000000033,20120410,,0100000038,EUR,5631.08,4732,899.08,N,I,I
0500000453,0000000033,20120328,0000000033,20120411,,0100000037,EUR,1405.39,1181,224.39,C,P,D
0500000454,0000000033,20120329,0000000033,20120412,,0100000037,EUR,761.24,639.7,121.54,C,P,D
0500000455,0000000033,20120330,0000000033,20120413,,0100000042,EUR,101299.22,85125.4,16173.82,X,I,I
0500000456,0000000033,20120331,0000000033,20120414,,0100000044,EUR,250.73,210.7,40.03,N,I,I
0500000457,0000000033,20120401,0000000033,20120415,,0100000041,EUR,10549.35,8865,1684.35,C,P,D
0500000458,0000000033,20120402,0000000033,20120416,,0100000043,EUR,195.16,164,31.16,P,P,D
0500000459,0000000033,20120403,0000000033,20120417,,0100000044,EUR,3972.22,3338,634.22,N,I,I
0500000460,0000000033,20120404,0000000033,20120418,,0100000036,EUR,3598.92,3024.3,574.62,N,I,I
0500000461,0000000033,20120405,0000000033,20120419,,0100000041,EUR,325.94,273.9,52.04,N,I,I
0500000462,0000000033,20120406,0000000033,20120420,,0100000038,EUR,24395,20500,3895,P,P,D
0500000463,0000000033,20120407,0000000033,20120421,,0100000037,EUR,5527.55,4645,882.55,N,I,I
0500000464,0000000033,20120408,0000000033,20120422,,0100000037,EUR,3459.33,2907,552.33,P,I,D
0500000465,0000000033,20120409,0000000033,20120423,,0100000042,EUR,852.04,716,136.04,P,P,I
0500000466,0000000033,20120410,0000000033,20120424,,0100000041,EUR,1916.5,1610.5,306,N,I,I
0500000467,0000000033,20120411,0000000033,20120425,,0100000038,EUR,178.14,149.7,28.44,X,I,I
0500000468,0000000033,20120412,0000000033,20120426,,0100000036,EUR,871.55,732.4,139.15,C,P,D
0500000469,0000000033,20120413,0000000033,20120427,,0100000043,EUR,1028.15,864,164.15,N,I,I
0500000470,0000000033,20120414,0000000033,20120428,,0100000044,EUR,5523.38,4641.5,881.88,P,P,D
0500000471,0000000033,20120415,0000000033,20120429,,0100000036,EUR,187.54,157.6,29.94,P,I,I
0500000472,0000000033,20120416,0000000033,20120430,,0100000037,EUR,521.22,438,83.22,N,I,I
0500000473,0000000033,20120417,0000000033,20120501,,0100000042,EUR,411.5,345.8,65.7,P,P,D
0500000474,0000000033,20120418,0000000033,20120502,,0100000038,EUR,11552.52,9708,1844.52,C,P,D
0500000475,0000000033,20120419,0000000033,20120503,,0100000044,EUR,26581.03,22337,4244.03,X,I,I
0500000476,0000000033,20120420,0000000033,20120504,,0100000044,EUR,9417.66,7914,1503.66,N,I,I
0500000477,0000000033,20120421,0000000033,20120505,,0100000044,EUR,5631.08,4732,899.08,P,P,I
0500000478,0000000033,20120422,0000000033,20120506,,0100000042,EUR,1405.39,1181,224.39,P,P,D
0500000479,0000000033,20120423,0000000033,20120507,,0100000041,EUR,761.24,639.7,121.54,X,I,I
0500000480,0000000033,20120424,0000000033,20120508,,0100000037,EUR,101299.22,85125.4,16173.82,X,I,I
0500000481,0000000033,20120425,0000000033,20120509,,0100000041,EUR,250.73,210.7,40.03,N,I,I
0500000482,0000000033,20120426,0000000033,20120510,,0100000037,EUR,10549.35,8865,1684.35,X,I,I
0500000483,0000000033,20120427,0000000033,20120511,,0100000043,EUR,195.16,164,31.16,P,P,D
0500000484,0000000033,20120428,0000000033,20120512,,0100000044,EUR,107100,90000,17100,P,P,D
0500000485,0000000033,20120429,0000000033,20120513,,0100000036,EUR,4415.73,3710.7,705.03,N,I,I
0500000486,0000000033,20120430,0000000033,20120514,,0100000044,EUR,325.94,273.9,52.04,X,I,I
0500000487,0000000033,20120501,0000000033,20120515,,0100000038,EUR,24220.07,20353,3867.07,C,P,D
0500000488,0000000033,20120502,0000000033,20120516,,0100000037,EUR,4499.87,3781.4,718.47,C,P,D
0500000489,0000000033,20120503,0000000033,20120517,,0100000037,EUR,2727.24,2291.8,435.44,P,P,D
0500000490,0000000033,20120504,0000000033,20120518,,0100000042,EUR,530.62,445.9,84.72,C,P,D
0500000491,0000000033,20120505,0000000033,20120519,,0100000041,EUR,803.25,675,128.25,C,P,D
0500000492,0000000033,20120506,0000000033,20120520,,0100000036,EUR,178.14,149.7,28.44,P,I,I
0500000493,0000000033,20120507,0000000033,20120521,,0100000038,EUR,871.55,732.4,139.15,C,P,D
0500000494,0000000033,20120508,0000000033,20120522,,0100000043,EUR,6543.8,5499,1044.8,P,I,I
0500000495,0000000033,20120509,0000000033,20120523,,0100000044,EUR,113032.74,94985.5,18047.24,C,P,D
0500000496,0000000033,20120510,0000000033,20120524,,0100000036,EUR,114.24,96,18.24,N,I,I
0500000497,0000000033,20120511,0000000033,20120525,,0100000042,EUR,521.22,438,83.22,X,I,I
0500000498,0000000033,20120512,0000000033,20120526,,0100000037,EUR,411.5,345.8,65.7,P,P,D
0500000499,0000000033,20120513,0000000033,20120527,,0100000038,EUR,11379.97,9563,1816.97,P,I,D
0500000500,0000000033,20120514,0000000033,20120528,,0100000000,EUR,26581.03,22337,4244.03,N,I,I
0500000501,0000000033,20120515,0000000033,20120529,,0100000002,EUR,9417.66,7914,1503.66,N,I,I
0500000502,0000000033,20120516,0000000033,20120530,,0100000005,EUR,5631.08,4732,899.08,P,I,D
0500000503,0000000033,20120517,0000000033,20120531,,0100000006,EUR,1405.39,1181,224.39,C,P,D
0500000504,0000000033,20120518,0000000033,20120601,,0100000006,EUR,761.24,639.7,121.54,C,P,D
0500000505,0000000033,20120519,0000000033,20120602,,0100000008,EUR,101299.22,85125.4,16173.82,X,I,I
0500000506,0000000033,20120520,0000000033,20120603,,0100000003,EUR,250.73,210.7,40.03,P,P,D
0500000507,0000000033,20120521,0000000033,20120604,,0100000004,EUR,10549.35,8865,1684.35,C,P,D
0500000508,0000000033,20120522,0000000033,20120605,,0100000009,EUR,195.16,164,31.16,P,P,D
0500000509,0000000033,20120523,0000000033,20120606,,0100000000,EUR,3972.22,3338,634.22,X,I,I
0500000510,0000000033,20120524,0000000033,20120607,,0100000002,EUR,3598.92,3024.3,574.62,N,I,I
0500000511,0000000033,20120525,0000000033,20120608,,0100000004,EUR,325.94,273.9,52.04,X,I,I
0500000512,0000000033,20120526,0000000033,20120609,,0100000005,EUR,24395,20500,3895,C,P,D
0500000513,0000000033,20120527,0000000033,20120610,,0100000006,EUR,5527.55,4645,882.55,X,I,I
0500000514,0000000033,20120528,0000000033,20120611,,0100000006,EUR,3459.33,2907,552.33,N,I,I
0500000515,0000000033,20120529,0000000033,20120612,,0100000008,EUR,852.04,716,136.04,P,P,D
0500000516,0000000033,20120530,0000000033,20120613,,0100000004,EUR,1916.5,1610.5,306,X,I,I
0500000517,0000000033,20120531,0000000033,20120614,,0100000005,EUR,178.14,149.7,28.44,X,I,I
0500000518,0000000033,20120601,0000000033,20120615,,0100000002,EUR,871.55,732.4,139.15,X,I,I
0500000519,0000000033,20120602,0000000033,20120616,,0100000009,EUR,1028.15,864,164.15,C,P,D
0500000520,0000000033,20120603,0000000033,20120617,,0100000000,EUR,5523.38,4641.5,881.88,X,I,I
0500000521,0000000033,20120604,0000000033,20120618,,0100000002,EUR,187.54,157.6,29.94,N,I,I
0500000522,0000000033,20120605,0000000033,20120619,,0100000006,EUR,521.22,438,83.22,P,I,I
0500000523,0000000033,20120606,0000000033,20120620,,0100000008,EUR,411.5,345.8,65.7,N,I,I
0500000524,0000000033,20120607,0000000033,20120621,,0100000005,EUR,11552.52,9708,1844.52,P,I,I
0500000525,0000000033,20120608,0000000033,20120622,,0100000003,EUR,26581.03,22337,4244.03,N,I,I
0500000526,0000000033,20120609,0000000033,20120623,,0100000003,EUR,9417.66,7914,1503.66,N,I,I
0500000527,0000000033,20120610,0000000033,20120624,,0100000003,EUR,5631.08,4732,899.08,P,P,I
0500000528,0000000033,20120611,0000000033,20120625,,0100000008,EUR,1405.39,1181,224.39,P,P,D
0500000529,0000000033,20120612,0000000033,20120626,,0100000004,EUR,761.24,639.7,121.54,C,P,D
0500000530,0000000033,20120613,0000000033,20120627,,0100000006,EUR,101299.22,85125.4,16173.82,C,P,D
0500000531,0000000033,20120614,0000000033,20120628,,0100000004,EUR,250.73,210.7,40.03,X,I,I
0500000532,0000000033,20120615,0000000033,20120629,,0100000006,EUR,10549.35,8865,1684.35,C,P,D
0500000533,0000000033,20120616,0000000033,20120630,,0100000009,EUR,195.16,164,31.16,N,I,I
0500000534,0000000033,20120617,0000000033,20120701,,0100000000,EUR,107100,90000,17100,N,I,I
0500000535,0000000033,20120618,0000000033,20120702,,0100000002,EUR,4415.73,3710.7,705.03,X,I,I
0500000536,0000000033,20120619,0000000033,20120703,,0100000003,EUR,325.94,273.9,52.04,N,I,I
0500000537,0000000033,20120620,0000000033,20120704,,0100000005,EUR,24220.07,20353,3867.07,P,I,I
0500000538,0000000033,20120621,0000000033,20120705,,0100000006,EUR,4499.87,3781.4,718.47,N,I,I
0500000539,0000000033,20120622,0000000033,20120706,,0100000006,EUR,2727.24,2291.8,435.44,P,I,I
0500000540,0000000033,20120623,0000000033,20120707,,0100000008,EUR,530.62,445.9,84.72,P,P,I
0500000541,0000000033,20120624,0000000033,20120708,,0100000004,EUR,803.25,675,128.25,N,I,I
0500000542,0000000033,20120625,0000000033,20120709,,0100000002,EUR,178.14,149.7,28.44,X,I,I
0500000543,0000000033,20120626,0000000033,20120710,,0100000005,EUR,871.55,732.4,139.15,C,P,D
0500000544,0000000033,20120627,0000000033,20120711,,0100000009,EUR,6543.8,5499,1044.8,C,P,D
0500000545,0000000033,20120628,0000000033,20120712,,0100000000,EUR,113032.74,94985.5,18047.24,X,I,I
0500000546,0000000033,20120629,0000000033,20120713,,0100000002,EUR,114.24,96,18.24,C,P,D
0500000547,0000000033,20120630,0000000033,20120714,,0100000008,EUR,521.22,438,83.22,P,P,D
0500000548,0000000033,20120701,0000000033,20120715,,0100000006,EUR,411.5,345.8,65.7,N,I,I
0500000549,0000000033,20120702,0000000033,20120716,,0100000005,EUR,11379.97,9563,1816.97,N,I,I
0500000550,0000000033,20120703,0000000033,20120717,,0100000026,EUR,26581.03,22337,4244.03,X,I,I
0500000551,0000000033,20120704,0000000033,20120718,,0100000025,EUR,9417.66,7914,1503.66,X,I,I
0500000552,0000000033,20120705,0000000033,20120719,,0100000022,EUR,5631.08,4732,899.08,C,P,D
0500000553,0000000033,20120706,0000000033,20120720,,0100000024,EUR,1405.39,1181,224.39,N,I,I
0500000554,0000000033,20120707,0000000033,20120721,,0100000024,EUR,761.24,639.7,121.54,P,P,D
0500000555,0000000033,20120708,0000000033,20120722,,0100000021,EUR,101299.22,85125.4,16173.82,X,I,I
0500000556,0000000033,20120709,0000000033,20120723,,0100000023,EUR,250.73,210.7,40.03,C,P,D
0500000557,0000000033,20120710,0000000033,20120724,,0100000019,EUR,10549.35,8865,1684.35,C,P,D
0500000558,0000000033,20120711,0000000033,20120725,,0100000026,EUR,195.16,164,31.16,P,P,I
0500000559,0000000033,20120712,0000000033,20120726,,0100000026,EUR,3972.22,3338,634.22,X,I,I
0500000560,0000000033,20120713,0000000033,20120727,,0100000025,EUR,3598.92,3024.3,574.62,P,P,I
0500000561,0000000033,20120714,0000000033,20120728,,0100000019,EUR,325.94,273.9,52.04,N,I,I
0500000562,0000000033,20120715,0000000033,20120729,,0100000022,EUR,24395,20500,3895,P,I,I
0500000563,0000000033,20120716,0000000033,20120730,,0100000024,EUR,5527.55,4645,882.55,X,I,I
0500000564,0000000033,20120717,0000000033,20120731,,0100000024,EUR,3459.33,2907,552.33,P,P,D
0500000565,0000000033,20120718,0000000033,20120801,,0100000021,EUR,852.04,716,136.04,C,P,D
0500000566,0000000033,20120719,0000000033,20120802,,0100000019,EUR,1916.5,1610.5,306,N,I,I
0500000567,0000000033,20120720,0000000033,20120803,,0100000022,EUR,178.14,149.7,28.44,P,I,I
0500000568,0000000033,20120721,0000000033,20120804,,0100000025,EUR,871.55,732.4,139.15,X,I,I
0500000569,0000000033,20120722,0000000033,20120805,,0100000026,EUR,1028.15,864,164.15,N,I,I
0500000570,0000000033,20120723,0000000033,20120806,,0100000026,EUR,5523.38,4641.5,881.88,X,I,I
0500000571,0000000033,20120724,0000000033,20120807,,0100000025,EUR,187.54,157.6,29.94,X,I,I
0500000572,0000000033,20120725,0000000033,20120808,,0100000024,EUR,521.22,438,83.22,X,I,I
0500000573,0000000033,20120726,0000000033,20120809,,0100000021,EUR,411.5,345.8,65.7,N,I,I
0500000574,0000000033,20120727,0000000033,20120810,,0100000022,EUR,11552.52,9708,1844.52,P,P,D
0500000575,0000000033,20120728,0000000033,20120811,,0100000023,EUR,26581.03,22337,4244.03,C,P,D
0500000576,0000000033,20120729,0000000033,20120812,,0100000023,EUR,9417.66,7914,1503.66,X,I,I
0500000577,0000000033,20120730,0000000033,20120813,,0100000023,EUR,5631.08,4732,899.08,N,I,I
0500000578,0000000033,20120731,0000000033,20120814,,0100000021,EUR,1405.39,1181,224.39,P,I,D
0500000579,0000000033,20120801,0000000033,20120815,,0100000019,EUR,761.24,639.7,121.54,C,P,D
0500000580,0000000033,20120802,0000000033,20120816,,0100000024,EUR,101299.22,85125.4,16173.82,N,I,I
0500000581,0000000033,20120803,0000000033,20120817,,0100000019,EUR,250.73,210.7,40.03,N,I,I
0500000582,0000000033,20120804,0000000033,20120818,,0100000024,EUR,10549.35,8865,1684.35,N,I,I
0500000583,0000000033,20120805,0000000033,20120819,,0100000026,EUR,195.16,164,31.16,P,P,D
0500000584,0000000033,20120806,0000000033,20120820,,0100000026,EUR,107100,90000,17100,P,I,I
0500000585,0000000033,20120807,0000000033,20120821,,0100000025,EUR,4415.73,3710.7,705.03,P,I,I
0500000586,0000000033,20120808,0000000033,20120822,,0100000023,EUR,325.94,273.9,52.04,N,I,I
0500000587,0000000033,20120809,0000000033,20120823,,0100000022,EUR,24220.07,20353,3867.07,P,I,D
0500000588,0000000033,20120810,0000000033,20120824,,0100000024,EUR,4499.87,3781.4,718.47,P,P,D
0500000589,0000000033,20120811,0000000033,20120825,,0100000024,EUR,2727.24,2291.8,435.44,C,P,D
0500000590,0000000033,20120812,0000000033,20120826,,0100000021,EUR,530.62,445.9,84.72,N,I,I
0500000591,0000000033,20120813,0000000033,20120827,,0100000019,EUR,803.25,675,128.25,C,P,D
0500000592,0000000033,20120814,0000000033,20120828,,0100000025,EUR,178.14,149.7,28.44,P,P,D
0500000593,0000000033,20120815,0000000033,20120829,,0100000022,EUR,871.55,732.4,139.15,X,I,I
0500000594,0000000033,20120816,0000000033,20120830,,0100000026,EUR,6543.8,5499,1044.8,X,I,I
0500000595,0000000033,20120817,0000000033,20120831,,0100000026,EUR,113032.74,94985.5,18047.24,X,I,I
0500000596,0000000033,20120818,0000000033,20120901,,0100000025,EUR,114.24,96,18.24,P,P,D
0500000597,0000000033,20120819,0000000033,20120902,,0100000021,EUR,521.22,438,83.22,N,I,I
0500000598,0000000033,20120820,0000000033,20120903,,0100000024,EUR,411.5,345.8,65.7,X,I,I
0500000599,0000000033,20120821,0000000033,20120904,,0100000022,EUR,11379.97,9563,1816.97,P,P,I
0500000600,0000000033,20120822,0000000033,20120905,,0100000012,EUR,26581.03,22337,4244.03,N,I,I
0500000601,0000000033,20120823,0000000033,20120906,,0100000011,EUR,9417.66,7914,1503.66,X,I,I
0500000602,0000000033,20120824,0000000033,20120907,,0100000015,EUR,5631.08,4732,899.08,P,P,D
0500000603,0000000033,20120825,0000000033,20120908,,0100000013,EUR,1405.39,1181,224.39,P,P,D
0500000604,0000000033,20120826,0000000033,20120909,,0100000013,EUR,761.24,639.7,121.54,X,I,I
0500000605,0000000033,20120827,0000000033,20120910,,0100000014,EUR,101299.22,85125.4,16173.82,C,P,D
0500000606,0000000033,20120828,0000000033,20120911,,0100000016,EUR,250.73,210.7,40.03,X,I,I
0500000607,0000000033,20120829,0000000033,20120912,,0100000017,EUR,10549.35,8865,1684.35,C,P,D
0500000608,0000000033,20120830,0000000033,20120913,,0100000018,EUR,195.16,164,31.16,C,P,D
0500000609,0000000033,20120831,0000000033,20120914,,0100000012,EUR,3972.22,3338,634.22,X,I,I
0500000610,0000000033,20120901,0000000033,20120915,,0100000011,EUR,3598.92,3024.3,574.62,P,P,I
0500000611,0000000033,20120902,0000000033,20120916,,0100000017,EUR,325.94,273.9,52.04,N,I,I
0500000612,0000000033,20120903,0000000033,20120917,,0100000015,EUR,24395,20500,3895,X,I,I
0500000613,0000000033,20120904,0000000033,20120918,,0100000013,EUR,5527.55,4645,882.55,X,I,I
0500000614,0000000033,20120905,0000000033,20120919,,0100000013,EUR,3459.33,2907,552.33,N,I,I
0500000615,0000000033,20120906,0000000033,20120920,,0100000014,EUR,852.04,716,136.04,C,P,D
0500000616,0000000033,20120907,0000000033,20120921,,0100000017,EUR,1916.5,1610.5,306,C,P,D
0500000617,0000000033,20120908,0000000033,20120922,,0100000015,EUR,178.14,149.7,28.44,P,P,I
0500000618,0000000033,20120909,0000000033,20120923,,0100000011,EUR,871.55,732.4,139.15,C,P,D
0500000619,0000000033,20120910,0000000033,20120924,,0100000018,EUR,1028.15,864,164.15,P,P,D
0500000620,0000000033,20120911,0000000033,20120925,,0100000012,EUR,5523.38,4641.5,881.88,C,P,D
0500000621,0000000033,20120912,0000000033,20120926,,0100000011,EUR,187.54,157.6,29.94,N,I,I
0500000622,0000000033,20120913,0000000033,20120927,,0100000013,EUR,521.22,438,83.22,N,I,I
0500000623,0000000033,20120914,0000000033,20120928,,0100000014,EUR,411.5,345.8,65.7,X,I,I
0500000624,0000000033,20120915,0000000033,20120929,,0100000015,EUR,11552.52,9708,1844.52,X,I,I
0500000625,0000000033,20120916,0000000033,20120930,,0100000016,EUR,26581.03,22337,4244.03,C,P,D
0500000626,0000000033,20120917,0000000033,20121001,,0100000016,EUR,9417.66,7914,1503.66,N,I,I
0500000627,0000000033,20120918,0000000033,20121002,,0100000016,EUR,5631.08,4732,899.08,C,P,D
0500000628,0000000033,20120919,0000000033,20121003,,0100000014,EUR,1405.39,1181,224.39,N,I,I
0500000629,0000000033,20120920,0000000033,20121004,,0100000017,EUR,761.24,639.7,121.54,N,I,I
0500000630,0000000033,20120921,0000000033,20121005,,0100000013,EUR,101299.22,85125.4,16173.82,P,I,D
0500000631,0000000033,20120922,0000000033,20121006,,0100000017,EUR,250.73,210.7,40.03,X,I,I
0500000632,0000000033,20120923,0000000033,20121007,,0100000013,EUR,10549.35,8865,1684.35,N,I,I
0500000633,0000000033,20120924,0000000033,20121008,,0100000018,EUR,195.16,164,31.16,P,I,D
0500000634,0000000033,20120925,0000000033,20121009,,0100000012,EUR,107100,90000,17100,P,P,D
0500000635,0000000033,20120926,0000000033,20121010,,0100000011,EUR,4415.73,3710.7,705.03,C,P,D
0500000636,0000000033,20120927,0000000033,20121011,,0100000016,EUR,325.94,273.9,52.04,P,P,D
0500000637,0000000033,20120928,0000000033,20121012,,0100000015,EUR,24220.07,20353,3867.07,X,I,I
0500000638,0000000033,20120929,0000000033,20121013,,0100000013,EUR,4499.87,3781.4,718.47,P,P,I
0500000639,0000000033,20120930,0000000033,20121014,,0100000013,EUR,2727.24,2291.8,435.44,X,I,I
0500000640,0000000033,20121001,0000000033,20121015,,0100000014,EUR,530.62,445.9,84.72,N,I,I
0500000641,0000000033,20121002,0000000033,20121016,,0100000017,EUR,803.25,675,128.25,N,I,I
0500000642,0000000033,20121003,0000000033,20121017,,0100000011,EUR,178.14,149.7,28.44,C,P,D
0500000643,0000000033,20121004,0000000033,20121018,,0100000015,EUR,871.55,732.4,139.15,P,I,I
0500000644,0000000033,20121005,0000000033,20121019,,0100000018,EUR,6543.8,5499,1044.8,P,P,D
0500000645,0000000033,20121006,0000000033,20121020,,0100000012,EUR,113032.74,94985.5,18047.24,C,P,D
0500000646,0000000033,20121007,0000000033,20121021,,0100000011,EUR,114.24,96,18.24,P,P,D
0500000647,0000000033,20121008,0000000033,20121022,,0100000014,EUR,521.22,438,83.22,N,I,I
0500000648,0000000033,20121009,0000000033,20121023,,0100000013,EUR,411.5,345.8,65.7,X,I,I
0500000649,0000000033,20121010,0000000033,20121024,,0100000015,EUR,11379.97,9563,1816.97,P,P,I
0500000650,0000000033,20121011,0000000033,20121025,,0100000028,EUR,26581.03,22337,4244.03,X,I,I
0500000651,0000000033,20121012,0000000033,20121026,,0100000030,EUR,9417.66,7914,1503.66,C,P,D
0500000652,0000000033,20121013,0000000033,20121027,,0100000031,EUR,5631.08,4732,899.08,N,I,I
0500000653,0000000033,20121014,0000000033,20121028,,0100000032,EUR,1405.39,1181,224.39,P,I,I
0500000654,0000000033,20121015,0000000033,20121029,,0100000032,EUR,761.24,639.7,121.54,P,I,I
0500000655,0000000033,20121016,0000000033,20121030,,0100000033,EUR,101299.22,85125.4,16173.82,P,P,I
0500000656,0000000033,20121017,0000000033,20121031,,0100000034,EUR,250.73,210.7,40.03,P,I,I
0500000657,0000000033,20121018,0000000033,20121101,,0100000035,EUR,10549.35,8865,1684.35,P,I,I
0500000658,0000000033,20121019,0000000033,20121102,,0100000027,EUR,195.16,164,31.16,P,P,D
0500000659,0000000033,20121020,0000000033,20121103,,0100000028,EUR,3972.22,3338,634.22,C,P,D
0500000660,0000000033,20121021,0000000033,20121104,,0100000030,EUR,3598.92,3024.3,574.62,X,I,I
0500000661,0000000033,20121022,0000000033,20121105,,0100000035,EUR,325.94,273.9,52.04,C,P,D
0500000662,0000000033,20121023,0000000033,20121106,,0100000031,EUR,24395,20500,3895,C,P,D
0500000663,0000000033,20121024,0000000033,20121107,,0100000032,EUR,5527.55,4645,882.55,P,I,D
0500000664,0000000033,20121025,0000000033,20121108,,0100000032,EUR,3459.33,2907,552.33,P,P,D
0500000665,0000000033,20121026,0000000033,20121109,,0100000033,EUR,852.04,716,136.04,C,P,D
0500000666,0000000033,20121027,0000000033,20121110,,0100000035,EUR,1916.5,1610.5,306,X,I,I
0500000667,0000000033,20121028,0000000033,20121111,,0100000031,EUR,178.14,149.7,28.44,C,P,D
0500000668,0000000033,20121029,0000000033,20121112,,0100000030,EUR,871.55,732.4,139.15,N,I,I
0500000669,0000000033,20121030,0000000033,20121113,,0100000027,EUR,1028.15,864,164.15,X,I,I
0500000670,0000000033,20121031,0000000033,20121114,,0100000028,EUR,5523.38,4641.5,881.88,C,P,D
0500000671,0000000033,20121101,0000000033,20121115,,0100000030,EUR,187.54,157.6,29.94,N,I,I
0500000672,0000000033,20121102,0000000033,20121116,,0100000032,EUR,521.22,438,83.22,C,P,D
0500000673,0000000033,20121103,0000000033,20121117,,0100000033,EUR,411.5,345.8,65.7,X,I,I
0500000674,0000000033,20121104,0000000033,20121118,,0100000031,EUR,11552.52,9708,1844.52,P,I,I
0500000675,0000000033,20121105,0000000033,20121119,,0100000034,EUR,26581.03,22337,4244.03,X,I,I
0500000676,0000000033,20121106,0000000033,20121120,,0100000034,EUR,9417.66,7914,1503.66,X,I,I
0500000677,0000000033,20121107,0000000033,20121121,,0100000034,EUR,5631.08,4732,899.08,C,P,D
0500000678,0000000033,20121108,0000000033,20121122,,0100000033,EUR,1405.39,1181,224.39,C,P,D
0500000679,0000000033,20121109,0000000033,20121123,,0100000035,EUR,761.24,639.7,121.54,C,P,D
0500000680,0000000033,20121110,0000000033,20121124,,0100000032,EUR,101299.22,85125.4,16173.82,X,I,I
0500000681,0000000033,20121111,0000000033,20121125,,0100000035,EUR,250.73,210.7,40.03,C,P,D
0500000682,0000000033,20121112,0000000033,20121126,,0100000032,EUR,10549.35,8865,1684.35,C,P,D
0500000683,0000000033,20121113,0000000033,20121127,,0100000027,EUR,195.16,164,31.16,X,I,I
0500000684,0000000033,20121114,0000000033,20121128,,0100000028,EUR,107100,90000,17100,N,I,I
0500000685,0000000033,20121115,0000000033,20121129,,0100000030,EUR,4415.73,3710.7,705.03,C,P,D
0500000686,0000000033,20121116,0000000033,20121130,,0100000034,EUR,325.94,273.9,52.04,X,I,I
0500000687,0000000033,20121117,0000000033,20121201,,0100000031,EUR,24220.07,20353,3867.07,N,I,I
0500000688,0000000033,20121118,0000000033,20121202,,0100000032,EUR,4499.87,3781.4,718.47,N,I,I
0500000689,0000000033,20121119,0000000033,20121203,,0100000032,EUR,2727.24,2291.8,435.44,N,I,I
0500000690,0000000033,20121120,0000000033,20121204,,0100000033,EUR,530.62,445.9,84.72,C,P,D
0500000691,0000000033,20121121,0000000033,20121205,,0100000035,EUR,803.25,675,128.25,C,P,D
0500000692,0000000033,20121122,0000000033,20121206,,0100000030,EUR,178.14,149.7,28.44,N,I,I
0500000693,0000000033,20121123,0000000033,20121207,,0100000031,EUR,871.55,732.4,139.15,C,P,D
0500000694,0000000033,20121124,0000000033,20121208,,0100000027,EUR,6543.8,5499,1044.8,X,I,I
0500000695,0000000033,20121125,0000000033,20121209,,0100000028,EUR,113032.74,94985.5,18047.24,N,I,I
0500000696,0000000033,20121126,0000000033,20121210,,0100000030,EUR,114.24,96,18.24,X,I,I
0500000697,0000000033,20121127,0000000033,20121211,,0100000033,EUR,521.22,438,83.22,P,I,I
0500000698,0000000033,20121128,0000000033,20121212,,0100000032,EUR,411.5,345.8,65.7,C,P,D
0500000699,0000000033,20121129,0000000033,20121213,,0100000031,EUR,11379.97,9563,1816.97,P,P,D
0500000700,0000000033,20121130,0000000033,20121214,,0100000044,EUR,26581.03,22337,4244.03,X,I,I
0500000701,0000000033,20121201,0000000033,20121215,,0100000036,EUR,9417.66,7914,1503.66,C,P,D
0500000702,0000000033,20121202,0000000033,20121216,,0100000038,EUR,5631.08,4732,899.08,C,P,D
0500000703,0000000033,20121203,0000000033,20121217,,0100000037,EUR,1405.39,1181,224.39,C,P,D
0500000704,0000000033,20121204,0000000033,20121218,,0100000037,EUR,761.24,639.7,121.54,N,I,I
0500000705,0000000033,20121205,0000000033,20121219,,0100000042,EUR,101299.22,85125.4,16173.82,P,P,I
0500000706,0000000033,20121206,0000000033,20121220,,0100000044,EUR,250.73,210.7,40.03,X,I,I
0500000707,0000000033,20121207,0000000033,20121221,,0100000041,EUR,10549.35,8865,1684.35,X,I,I
0500000708,0000000033,20121208,0000000033,20121222,,0100000043,EUR,195.16,164,31.16,X,I,I
0500000709,0000000033,20121209,0000000033,20121223,,0100000044,EUR,3972.22,3338,634.22,X,I,I
0500000710,0000000033,20121210,0000000033,20121224,,0100000036,EUR,3598.92,3024.3,574.62,P,P,I
0500000711,0000000033,20121211,0000000033,20121225,,0100000041,EUR,325.94,273.9,52.04,C,P,D
0500000712,0000000033,20121212,0000000033,20121226,,0100000038,EUR,24395,20500,3895,P,P,I
0500000713,0000000033,20121213,0000000033,20121227,,0100000037,EUR,5527.55,4645,882.55,P,I,D
0500000714,0000000033,20121214,0000000033,20121228,,0100000037,EUR,3459.33,2907,552.33,X,I,I
0500000715,0000000033,20121215,0000000033,20121229,,0100000042,EUR,852.04,716,136.04,P,I,D
0500000716,0000000033,20121216,0000000033,20121230,,0100000041,EUR,1916.5,1610.5,306,X,I,I
0500000717,0000000033,20121217,0000000033,20121231,,0100000038,EUR,178.14,149.7,28.44,X,I,I
0500000718,0000000033,20121218,0000000033,20130101,,0100000036,EUR,871.55,732.4,139.15,N,I,I
0500000719,0000000033,20121219,0000000033,20130102,,0100000043,EUR,1028.15,864,164.15,N,I,I
0500000720,0000000033,20121220,0000000033,20130103,,0100000044,EUR,5523.38,4641.5,881.88,N,I,I
0500000721,0000000033,20121221,0000000033,20130104,,0100000036,EUR,187.54,157.6,29.94,N,I,I
0500000722,0000000033,20121222,0000000033,20130105,,0100000037,EUR,521.22,438,83.22,C,P,D
0500000723,0000000033,20121223,0000000033,20130106,,0100000042,EUR,411.5,345.8,65.7,X,I,I
0500000724,0000000033,20121224,0000000033,20130107,,0100000038,EUR,11552.52,9708,1844.52,N,I,I
0500000725,0000000033,20121225,0000000033,20130108,,0100000044,EUR,26581.03,22337,4244.03,X,I,I
0500000726,0000000033,20121226,0000000033,20130109,,0100000044,EUR,9417.66,7914,1503.66,C,P,D
0500000727,0000000033,20121227,0000000033,20130110,,0100000044,EUR,5631.08,4732,899.08,N,I,I
0500000728,0000000033,20121228,0000000033,20130111,,0100000042,EUR,1405.39,1181,224.39,N,I,I
0500000729,0000000033,20121229,0000000033,20130112,,0100000041,EUR,761.24,639.7,121.54,C,P,D
0500000730,0000000033,20121230,0000000033,20130113,,0100000037,EUR,101299.22,85125.4,16173.82,C,P,D
0500000731,0000000033,20121231,0000000033,20130114,,0100000041,EUR,250.73,210.7,40.03,P,P,I
0500000732,0000000033,20120101,0000000033,20120115,,0100000037,EUR,10549.35,8865,1684.35,P,I,I
0500000733,0000000033,20120102,0000000033,20120116,,0100000043,EUR,195.16,164,31.16,P,I,D
0500000734,0000000033,20120103,0000000033,20120117,,0100000044,EUR,107100,90000,17100,C,P,D
0500000735,0000000033,20120104,0000000033,20120118,,0100000036,EUR,4415.73,3710.7,705.03,N,I,I
0500000736,0000000033,20120105,0000000033,20120119,,0100000044,EUR,325.94,273.9,52.04,C,P,D
0500000737,0000000033,20120106,0000000033,20120120,,0100000038,EUR,24220.07,20353,3867.07,C,P,D
0500000738,0000000033,20120107,0000000033,20120121,,0100000037,EUR,4499.87,3781.4,718.47,X,I,I
0500000739,0000000033,20120108,0000000033,20120122,,0100000037,EUR,2727.24,2291.8,435.44,X,I,I
0500000740,0000000033,20120109,0000000033,20120123,,0100000042,EUR,530.62,445.9,84.72,X,I,I
0500000741,0000000033,20120110,0000000033,20120124,,0100000041,EUR,803.25,675,128.25,X,I,I
0500000742,0000000033,20120111,0000000033,20120125,,0100000036,EUR,178.14,149.7,28.44,N,I,I
0500000743,0000000033,20120112,0000000033,20120126,,0100000038,EUR,871.55,732.4,139.15,P,P,D
0500000744,0000000033,20120113,0000000033,20120127,,0100000043,EUR,6543.8,5499,1044.8,P,P,D
0500000745,0000000033,20120114,0000000033,20120128,,0100000044,EUR,113032.74,94985.5,18047.24,X,I,I
0500000746,0000000033,20120115,0000000033,20120129,,0100000036,EUR,114.24,96,18.24,X,I,I
0500000747,0000000033,20120116,0000000033,20120130,,0100000042,EUR,521.22,438,83.22,P,P,I
0500000748,0000000033,20120117,0000000033,20120131,,0100000037,EUR,411.5,345.8,65.7,X,I,I
0500000749,0000000033,20120118,0000000033,20120201,,0100000038,EUR,11379.97,9563,1816.97,P,I,D
0500000750,0000000033,20120119,0000000033,20120202,,0100000000,EUR,26581.03,22337,4244.03,X,I,I
0500000751,0000000033,20120120,0000000033,20120203,,0100000002,EUR,9417.66,7914,1503.66,C,P,D
0500000752,0000000033,20120121,0000000033,20120204,,0100000005,EUR,5631.08,4732,899.08,C,P,D
0500000753,0000000033,20120122,0000000033,20120205,,0100000006,EUR,1405.39,1181,224.39,X,I,I
0500000754,0000000033,20120123,0000000033,20120206,,0100000006,EUR,761.24,639.7,121.54,N,I,I
0500000755,0000000033,20120124,0000000033,20120207,,0100000008,EUR,101299.22,85125.4,16173.82,C,P,D
0500000756,0000000033,20120125,0000000033,20120208,,0100000003,EUR,250.73,210.7,40.03,P,P,I
0500000757,0000000033,20120126,0000000033,20120209,,0100000004,EUR,10549.35,8865,1684.35,N,I,I
0500000758,0000000033,20120127,0000000033,20120210,,0100000009,EUR,195.16,164,31.16,P,P,I
0500000759,0000000033,20120128,0000000033,20120211,,0100000000,EUR,3972.22,3338,634.22,X,I,I
0500000760,0000000033,20120129,0000000033,20120212,,0100000002,EUR,3598.92,3024.3,574.62,C,P,D
0500000761,0000000033,20120130,0000000033,20120213,,0100000004,EUR,325.94,273.9,52.04,P,P,D
0500000762,0000000033,20120131,0000000033,20120214,,0100000005,EUR,24395,20500,3895,P,I,I
0500000763,0000000033,20120201,0000000033,20120215,,0100000006,EUR,5527.55,4645,882.55,P,I,D
0500000764,0000000033,20120202,0000000033,20120216,,0100000006,EUR,3459.33,2907,552.33,P,I,D
0500000765,0000000033,20120203,0000000033,20120217,,0100000008,EUR,852.04,716,136.04,P,P,D
0500000766,0000000033,20120204,0000000033,20120218,,0100000004,EUR,1916.5,1610.5,306,P,I,I
0500000767,0000000033,20120205,0000000033,20120219,,0100000005,EUR,178.14,149.7,28.44,N,I,I
0500000768,0000000033,20120206,0000000033,20120220,,0100000002,EUR,871.55,732.4,139.15,C,P,D
0500000769,0000000033,20120207,0000000033,20120221,,0100000009,EUR,1028.15,864,164.15,X,I,I
0500000770,0000000033,20120208,0000000033,20120222,,0100000000,EUR,5523.38,4641.5,881.88,N,I,I
0500000771,0000000033,20120209,0000000033,20120223,,0100000002,EUR,187.54,157.6,29.94,C,P,D
0500000772,0000000033,20120210,0000000033,20120224,,0100000006,EUR,521.22,438,83.22,X,I,I
0500000773,0000000033,20120211,0000000033,20120225,,0100000008,EUR,411.5,345.8,65.7,N,I,I
0500000774,0000000033,20120212,0000000033,20120226,,0100000005,EUR,11552.52,9708,1844.52,C,P,D
0500000775,0000000033,20120213,0000000033,20120227,,0100000003,EUR,26581.03,22337,4244.03,C,P,D
0500000776,0000000033,20120214,0000000033,20120228,,0100000003,EUR,9417.66,7914,1503.66,C,P,D
0500000777,0000000033,20120215,0000000033,20120229,,0100000003,EUR,5631.08,4732,899.08,N,I,I
0500000778,0000000033,20120216,0000000033,20120301,,0100000008,EUR,1405.39,1181,224.39,C,P,D
0500000779,0000000033,20120217,0000000033,20120302,,0100000004,EUR,761.24,639.7,121.54,C,P,D
0500000780,0000000033,20120218,0000000033,20120303,,0100000006,EUR,101299.22,85125.4,16173.82,C,P,D
0500000781,0000000033,20120219,0000000033,20120304,,0100000004,EUR,250.73,210.7,40.03,X,I,I
0500000782,0000000033,20120220,0000000033,20120305,,0100000006,EUR,10549.35,8865,1684.35,C,P,D
0500000783,0000000033,20120221,0000000033,20120306,,0100000009,EUR,195.16,164,31.16,P,I,I
0500000784,0000000033,20120222,0000000033,20120307,,0100000000,EUR,107100,90000,17100,C,P,D
0500000785,0000000033,20120223,0000000033,20120308,,0100000002,EUR,4415.73,3710.7,705.03,X,I,I
0500000786,0000000033,20120224,0000000033,20120309,,0100000003,EUR,325.94,273.9,52.04,X,I,I
0500000787,0000000033,20120225,0000000033,20120310,,0100000005,EUR,24220.07,20353,3867.07,C,P,D
0500000788,0000000033,20120226,0000000033,20120311,,0100000006,EUR,4499.87,3781.4,718.47,C,P,D
0500000789,0000000033,20120227,0000000033,20120312,,0100000006,EUR,2727.24,2291.8,435.44,X,I,I
0500000790,0000000033,20120228,0000000033,20120313,,0100000008,EUR,530.62,445.9,84.72,C,P,D
0500000791,0000000033,20120229,0000000033,20120314,,0100000004,EUR,803.25,675,128.25,C,P,D
0500000792,0000000033,20120301,0000000033,20120315,,0100000002,EUR,178.14,149.7,28.44,N,I,I
0500000793,0000000033,20120302,0000000033,20120316,,0100000005,EUR,871.55,732.4,139.15,P,P,D
0500000794,0000000033,20120303,0000000033,20120317,,0100000009,EUR,6543.8,5499,1044.8,P,I,I
0500000795,0000000033,20120304,0000000033,20120318,,0100000000,EUR,113032.74,94985.5,18047.24,X,I,I
0500000796,0000000033,20120305,0000000033,20120319,,0100000002,EUR,114.24,96,18.24,C,P,D
0500000797,0000000033,20120306,0000000033,20120320,,0100000008,EUR,521.22,438,83.22,C,P,D
0500000798,0000000033,20120307,0000000033,20120321,,0100000006,EUR,411.5,345.8,65.7,C,P,D
0500000799,0000000033,20120308,0000000033,20120322,,0100000005,EUR,11379.97,9563,1816.97,N,I,I
0500000800,0000000033,20120309,0000000033,20120323,,0100000026,EUR,26581.03,22337,4244.03,X,I,I
0500000801,0000000033,20120310,0000000033,20120324,,0100000025,EUR,9417.66,7914,1503.66,X,I,I
0500000802,0000000033,20120311,0000000033,20120325,,0100000022,EUR,5631.08,4732,899.08,N,I,I
0500000803,0000000033,20120312,0000000033,20120326,,0100000024,EUR,1405.39,1181,224.39,C,P,D
0500000804,0000000033,20120313,0000000033,20120327,,0100000024,EUR,761.24,639.7,121.54,P,P,D
0500000805,0000000033,20120314,0000000033,20120328,,0100000021,EUR,101299.22,85125.4,16173.82,P,I,I
0500000806,0000000033,20120315,0000000033,20120329,,0100000023,EUR,250.73,210.7,40.03,P,P,I
0500000807,0000000033,20120316,0000000033,20120330,,0100000019,EUR,10549.35,8865,1684.35,C,P,D
0500000808,0000000033,20120317,0000000033,20120331,,0100000026,EUR,195.16,164,31.16,X,I,I
0500000809,0000000033,20120318,0000000033,20120401,,0100000026,EUR,3972.22,3338,634.22,N,I,I
0500000810,0000000033,20120319,0000000033,20120402,,0100000025,EUR,3598.92,3024.3,574.62,C,P,D
0500000811,0000000033,20120320,0000000033,20120403,,0100000019,EUR,325.94,273.9,52.04,P,P,D
0500000812,0000000033,20120321,0000000033,20120404,,0100000022,EUR,24395,20500,3895,P,I,D
0500000813,0000000033,20120322,0000000033,20120405,,0100000024,EUR,5527.55,4645,882.55,P,I,D
0500000814,0000000033,20120323,0000000033,20120406,,0100000024,EUR,3459.33,2907,552.33,N,I,I
0500000815,0000000033,20120324,0000000033,20120407,,0100000021,EUR,852.04,716,136.04,P,P,I
0500000816,0000000033,20120325,0000000033,20120408,,0100000019,EUR,1916.5,1610.5,306,N,I,I
0500000817,0000000033,20120326,0000000033,20120409,,0100000022,EUR,178.14,149.7,28.44,P,I,I
0500000818,0000000033,20120327,0000000033,20120410,,0100000025,EUR,871.55,732.4,139.15,N,I,I
0500000819,0000000033,20120328,0000000033,20120411,,0100000026,EUR,1028.15,864,164.15,X,I,I
0500000820,0000000033,20120329,0000000033,20120412,,0100000026,EUR,5523.38,4641.5,881.88,X,I,I
0500000821,0000000033,20120330,0000000033,20120413,,0100000025,EUR,187.54,157.6,29.94,P,P,D
0500000822,0000000033,20120331,0000000033,20120414,,0100000024,EUR,521.22,438,83.22,N,I,I
0500000823,0000000033,20120401,0000000033,20120415,,0100000021,EUR,411.5,345.8,65.7,N,I,I
0500000824,0000000033,20120402,0000000033,20120416,,0100000022,EUR,11552.52,9708,1844.52,X,I,I
0500000825,0000000033,20120403,0000000033,20120417,,0100000023,EUR,26581.03,22337,4244.03,P,P,I
0500000826,0000000033,20120404,0000000033,20120418,,0100000023,EUR,9417.66,7914,1503.66,P,P,D
0500000827,0000000033,20120405,0000000033,20120419,,0100000023,EUR,5631.08,4732,899.08,P,P,I
0500000828,0000000033,20120406,0000000033,20120420,,0100000021,EUR,1405.39,1181,224.39,N,I,I
0500000829,0000000033,20120407,0000000033,20120421,,0100000019,EUR,761.24,639.7,121.54,C,P,D
0500000830,0000000033,20120408,0000000033,20120422,,0100000024,EUR,101299.22,85125.4,16173.82,N,I,I
0500000831,0000000033,20120409,0000000033,20120423,,0100000019,EUR,250.73,210.7,40.03,X,I,I
0500000832,0000000033,20120410,0000000033,20120424,,0100000024,EUR,10549.35,8865,1684.35,X,I,I
0500000833,0000000033,20120411,0000000033,20120425,,0100000026,EUR,195.16,164,31.16,X,I,I
0500000834,0000000033,20120412,0000000033,20120426,,0100000026,EUR,107100,90000,17100,P,P,D
0500000835,0000000033,20120413,0000000033,20120427,,0100000025,EUR,4415.73,3710.7,705.03,P,I,I
0500000836,0000000033,20120414,0000000033,20120428,,0100000023,EUR,325.94,273.9,52.04,N,I,I
0500000837,0000000033,20120415,0000000033,20120429,,0100000022,EUR,24220.07,20353,3867.07,P,P,D
0500000838,0000000033,20120416,0000000033,20120430,,0100000024,EUR,4499.87,3781.4,718.47,N,I,I
0500000839,0000000033,20120417,0000000033,20120501,,0100000024,EUR,2727.24,2291.8,435.44,X,I,I
0500000840,0000000033,20120418,0000000033,20120502,,0100000021,EUR,530.62,445.9,84.72,N,I,I
0500000841,0000000033,20120419,0000000033,20120503,,0100000019,EUR,803.25,675,128.25,P,I,I
0500000842,0000000033,20120420,0000000033,20120504,,0100000025,EUR,178.14,149.7,28.44,N,I,I
0500000843,0000000033,20120421,0000000033,20120505,,0100000022,EUR,871.55,732.4,139.15,N,I,I
0500000844,0000000033,20120422,0000000033,20120506,,0100000026,EUR,6543.8,5499,1044.8,N,I,I
0500000845,0000000033,20120423,0000000033,20120507,,0100000026,EUR,113032.74,94985.5,18047.24,P,P,I
0500000846,0000000033,20120424,0000000033,20120508,,0100000025,EUR,114.24,96,18.24,C,P,D
0500000847,0000000033,20120425,0000000033,20120509,,0100000021,EUR,521.22,438,83.22,X,I,I
0500000848,0000000033,20120426,0000000033,20120510,,0100000024,EUR,411.5,345.8,65.7,X,I,I
0500000849,0000000033,20120427,0000000033,20120511,,0100000022,EUR,11379.97,9563,1816.97,C,P,D
0500000850,0000000033,20120428,0000000033,20120512,,0100000012,EUR,26581.03,22337,4244.03,N,I,I
0500000851,0000000033,20120429,0000000033,20120513,,0100000011,EUR,9417.66,7914,1503.66,C,P,D
0500000852,0000000033,20120430,0000000033,20120514,,0100000015,EUR,5631.08,4732,899.08,P,P,I
0500000853,0000000033,20120501,0000000033,20120515,,0100000013,EUR,1405.39,1181,224.39,X,I,I
0500000854,0000000033,20120502,0000000033,20120516,,0100000013,EUR,761.24,639.7,121.54,C,P,D
0500000855,0000000033,20120503,0000000033,20120517,,0100000014,EUR,101299.22,85125.4,16173.82,N,I,I
0500000856,0000000033,20120504,0000000033,20120518,,0100000016,EUR,250.73,210.7,40.03,P,P,I
0500000857,0000000033,20120505,0000000033,20120519,,0100000017,EUR,10549.35,8865,1684.35,P,I,I
0500000858,0000000033,20120506,0000000033,20120520,,0100000018,EUR,195.16,164,31.16,C,P,D
0500000859,0000000033,20120507,0000000033,20120521,,0100000012,EUR,3972.22,3338,634.22,C,P,D
0500000860,0000000033,20120508,0000000033,20120522,,0100000011,EUR,3598.92,3024.3,574.62,P,P,D
0500000861,0000000033,20120509,0000000033,20120523,,0100000017,EUR,325.94,273.9,52.04,C,P,D
0500000862,0000000033,20120510,0000000033,20120524,,0100000015,EUR,24395,20500,3895,X,I,I
0500000863,0000000033,20120511,0000000033,20120525,,0100000013,EUR,5527.55,4645,882.55,N,I,I
0500000864,0000000033,20120512,0000000033,20120526,,0100000013,EUR,3459.33,2907,552.33,P,P,D
0500000865,0000000033,20120513,0000000033,20120527,,0100000014,EUR,852.04,716,136.04,X,I,I
0500000866,0000000033,20120514,0000000033,20120528,,0100000017,EUR,1916.5,1610.5,306,P,I,I
0500000867,0000000033,20120515,0000000033,20120529,,0100000015,EUR,178.14,149.7,28.44,C,P,D
0500000868,0000000033,20120516,0000000033,20120530,,0100000011,EUR,871.55,732.4,139.15,C,P,D
0500000869,0000000033,20120517,0000000033,20120531,,0100000018,EUR,1028.15,864,164.15,C,P,D
0500000870,0000000033,20120518,0000000033,20120601,,0100000012,EUR,5523.38,4641.5,881.88,X,I,I
0500000871,0000000033,20120519,0000000033,20120602,,0100000011,EUR,187.54,157.6,29.94,X,I,I
0500000872,0000000033,20120520,0000000033,20120603,,0100000013,EUR,521.22,438,83.22,X,I,I
0500000873,0000000033,20120521,0000000033,20120604,,0100000014,EUR,411.5,345.8,65.7,X,I,I
0500000874,0000000033,20120522,0000000033,20120605,,0100000015,EUR,11552.52,9708,1844.52,X,I,I
0500000875,0000000033,20120523,0000000033,20120606,,0100000016,EUR,26581.03,22337,4244.03,X,I,I
0500000876,0000000033,20120524,0000000033,20120607,,0100000016,EUR,9417.66,7914,1503.66,P,I,D
0500000877,0000000033,20120525,0000000033,20120608,,0100000016,EUR,5631.08,4732,899.08,N,I,I
0500000878,0000000033,20120526,0000000033,20120609,,0100000014,EUR,1405.39,1181,224.39,N,I,I
0500000879,0000000033,20120527,0000000033,20120610,,0100000017,EUR,761.24,639.7,121.54,C,P,D
0500000880,0000000033,20120528,0000000033,20120611,,0100000013,EUR,101299.22,85125.4,16173.82,P,I,D
0500000881,0000000033,20120529,0000000033,20120612,,0100000017,EUR,250.73,210.7,40.03,C,P,D
0500000882,0000000033,20120530,0000000033,20120613,,0100000013,EUR,10549.35,8865,1684.35,X,I,I
0500000883,0000000033,20120531,0000000033,20120614,,0100000018,EUR,195.16,164,31.16,P,I,I
0500000884,0000000033,20120601,0000000033,20120615,,0100000012,EUR,107100,90000,17100,X,I,I
0500000885,0000000033,20120602,0000000033,20120616,,0100000011,EUR,4415.73,3710.7,705.03,C,P,D
0500000886,0000000033,20120603,0000000033,20120617,,0100000016,EUR,325.94,273.9,52.04,P,P,D
0500000887,0000000033,20120604,0000000033,20120618,,0100000015,EUR,24220.07,20353,3867.07,C,P,D
0500000888,0000000033,20120605,0000000033,20120619,,0100000013,EUR,4499.87,3781.4,718.47,N,I,I
0500000889,0000000033,20120606,0000000033,20120620,,0100000013,EUR,2727.24,2291.8,435.44,P,P,I
0500000890,0000000033,20120607,0000000033,20120621,,0100000014,EUR,530.62,445.9,84.72,X,I,I
0500000891,0000000033,20120608,0000000033,20120622,,0100000017,EUR,803.25,675,128.25,X,I,I
0500000892,0000000033,20120609,0000000033,20120623,,0100000011,EUR,178.14,149.7,28.44,P,P,D
0500000893,0000000033,20120610,0000000033,20120624,,0100000015,EUR,871.55,732.4,139.15,C,P,D
0500000894,0000000033,20120611,0000000033,20120625,,0100000018,EUR,6543.8,5499,1044.8,P,P,D
0500000895,0000000033,20120612,0000000033,20120626,,0100000012,EUR,113032.74,94985.5,18047.24,N,I,I
0500000896,0000000033,20120613,0000000033,20120627,,0100000011,EUR,114.24,96,18.24,N,I,I
0500000897,0000000033,20120614,0000000033,20120628,,0100000014,EUR,521.22,438,83.22,C,P,D
0500000898,0000000033,20120615,0000000033,20120629,,0100000013,EUR,411.5,345.8,65.7,N,I,I
0500000899,0000000033,20120616,0000000033,20120630,,0100000015,EUR,11379.97,9563,1816.97,C,P,D
0500000900,0000000033,20120617,0000000033,20120701,,0100000028,EUR,26581.03,22337,4244.03,P,I,D
0500000901,0000000033,20120618,0000000033,20120702,,0100000030,EUR,9417.66,7914,1503.66,N,I,I
0500000902,0000000033,20120619,0000000033,20120703,,0100000031,EUR,5631.08,4732,899.08,N,I,I
0500000903,0000000033,20120620,0000000033,20120704,,0100000032,EUR,1405.39,1181,224.39,N,I,I
0500000904,0000000033,20120621,0000000033,20120705,,0100000032,EUR,761.24,639.7,121.54,X,I,I
0500000905,0000000033,20120622,0000000033,20120706,,0100000033,EUR,101299.22,85125.4,16173.82,C,P,D
0500000906,0000000033,20120623,0000000033,20120707,,0100000034,EUR,250.73,210.7,40.03,N,I,I
0500000907,0000000033,20120624,0000000033,20120708,,0100000035,EUR,10549.35,8865,1684.35,P,P,D
0500000908,0000000033,20120625,0000000033,20120709,,0100000027,EUR,195.16,164,31.16,N,I,I
0500000909,0000000033,20120626,0000000033,20120710,,0100000028,EUR,3972.22,3338,634.22,N,I,I
0500000910,0000000033,20120627,0000000033,20120711,,0100000030,EUR,3598.92,3024.3,574.62,N,I,I
0500000911,0000000033,20120628,0000000033,20120712,,0100000035,EUR,325.94,273.9,52.04,P,I,I
0500000912,0000000033,20120629,0000000033,20120713,,0100000031,EUR,24395,20500,3895,N,I,I
0500000913,0000000033,20120630,0000000033,20120714,,0100000032,EUR,5527.55,4645,882.55,X,I,I
0500000914,0000000033,20120701,0000000033,20120715,,0100000032,EUR,3459.33,2907,552.33,P,P,D
0500000915,0000000033,20120702,0000000033,20120716,,0100000033,EUR,852.04,716,136.04,C,P,D
0500000916,0000000033,20120703,0000000033,20120717,,0100000035,EUR,1916.5,1610.5,306,C,P,D
0500000917,0000000033,20120704,0000000033,20120718,,0100000031,EUR,178.14,149.7,28.44,P,P,D
0500000918,0000000033,20120705,0000000033,20120719,,0100000030,EUR,871.55,732.4,139.15,P,I,I
0500000919,0000000033,20120706,0000000033,20120720,,0100000027,EUR,1028.15,864,164.15,C,P,D
0500000920,0000000033,20120707,0000000033,20120721,,0100000028,EUR,5523.38,4641.5,881.88,X,I,I
0500000921,0000000033,20120708,0000000033,20120722,,0100000030,EUR,187.54,157.6,29.94,X,I,I
0500000922,0000000033,20120709,0000000033,20120723,,0100000032,EUR,521.22,438,83.22,N,I,I
0500000923,0000000033,20120710,0000000033,20120724,,0100000033,EUR,411.5,345.8,65.7,P,I,D
0500000924,0000000033,20120711,0000000033,20120725,,0100000031,EUR,11552.52,9708,1844.52,X,I,I
0500000925,0000000033,20120712,0000000033,20120726,,0100000034,EUR,26581.03,22337,4244.03,C,P,D
0500000926,0000000033,20120713,0000000033,20120727,,0100000034,EUR,9417.66,7914,1503.66,N,I,I
0500000927,0000000033,20120714,0000000033,20120728,,0100000034,EUR,5631.08,4732,899.08,C,P,D
0500000928,0000000033,20120715,0000000033,20120729,,0100000033,EUR,1405.39,1181,224.39,N,I,I
0500000929,0000000033,20120716,0000000033,20120730,,0100000035,EUR,761.24,639.7,121.54,X,I,I
0500000930,0000000033,20120717,0000000033,20120731,,0100000032,EUR,101299.22,85125.4,16173.82,C,P,D
0500000931,0000000033,20120718,0000000033,20120801,,0100000035,EUR,250.73,210.7,40.03,C,P,D
0500000932,0000000033,20120719,0000000033,20120802,,0100000032,EUR,10549.35,8865,1684.35,C,P,D
0500000933,0000000033,20120720,0000000033,20120803,,0100000027,EUR,195.16,164,31.16,C,P,D
0500000934,0000000033,20120721,0000000033,20120804,,0100000028,EUR,107100,90000,17100,P,P,I
0500000935,0000000033,20120722,0000000033,20120805,,0100000030,EUR,4415.73,3710.7,705.03,X,I,I
0500000936,0000000033,20120723,0000000033,20120806,,0100000034,EUR,325.94,273.9,52.04,N,I,I
0500000937,0000000033,20120724,0000000033,20120807,,0100000031,EUR,24220.07,20353,3867.07,X,I,I
0500000938,0000000033,20120725,0000000033,20120808,,0100000032,EUR,4499.87,3781.4,718.47,C,P,D
0500000939,0000000033,20120726,0000000033,20120809,,0100000032,EUR,2727.24,2291.8,435.44,X,I,I
0500000940,0000000033,20120727,0000000033,20120810,,0100000033,EUR,530.62,445.9,84.72,X,I,I
0500000941,0000000033,20120728,0000000033,20120811,,0100000035,EUR,803.25,675,128.25,X,I,I
0500000942,0000000033,20120729,0000000033,20120812,,0100000030,EUR,178.14,149.7,28.44,P,P,I
0500000943,0000000033,20120730,0000000033,20120813,,0100000031,EUR,871.55,732.4,139.15,P,I,D
0500000944,0000000033,20120731,0000000033,20120814,,0100000027,EUR,6543.8,5499,1044.8,C,P,D
0500000945,0000000033,20120801,0000000033,20120815,,0100000028,EUR,113032.74,94985.5,18047.24,P,P,D
0500000946,0000000033,20120802,0000000033,20120816,,0100000030,EUR,114.24,96,18.24,P,I,I
0500000947,0000000033,20120803,0000000033,20120817,,0100000033,EUR,521.22,438,83.22,N,I,I
0500000948,0000000033,20120804,0000000033,20120818,,0100000032,EUR,411.5,345.8,65.7,X,I,I
0500000949,0000000033,20120805,0000000033,20120819,,0100000031,EUR,11379.97,9563,1816.97,C,P,D
0500000950,0000000033,20120806,0000000033,20120820,,0100000044,EUR,26581.03,22337,4244.03,C,P,D
0500000951,0000000033,20120807,0000000033,20120821,,0100000036,EUR,9417.66,7914,1503.66,X,I,I
0500000952,0000000033,20120808,0000000033,20120822,,0100000038,EUR,5631.08,4732,899.08,X,I,I
0500000953,0000000033,20120809,0000000033,20120823,,0100000037,EUR,1405.39,1181,224.39,P,P,I
0500000954,0000000033,20120810,0000000033,20120824,,0100000037,EUR,761.24,639.7,121.54,N,I,I
0500000955,0000000033,20120811,0000000033,20120825,,0100000042,EUR,101299.22,85125.4,16173.82,X,I,I
0500000956,0000000033,20120812,0000000033,20120826,,0100000044,EUR,250.73,210.7,40.03,X,I,I
0500000957,0000000033,20120813,0000000033,20120827,,0100000041,EUR,10549.35,8865,1684.35,C,P,D
0500000958,0000000033,20120814,0000000033,20120828,,0100000043,EUR,195.16,164,31.16,C,P,D
0500000959,0000000033,20120815,0000000033,20120829,,0100000044,EUR,3972.22,3338,634.22,P,I,D
0500000960,0000000033,20120816,0000000033,20120830,,0100000036,EUR,3598.92,3024.3,574.62,P,I,D
0500000961,0000000033,20120817,0000000033,20120831,,0100000041,EUR,325.94,273.9,52.04,N,I,I
0500000962,0000000033,20120818,0000000033,20120901,,0100000038,EUR,24395,20500,3895,P,P,D
0500000963,0000000033,20120819,0000000033,20120902,,0100000037,EUR,5527.55,4645,882.55,C,P,D
0500000964,0000000033,20120820,0000000033,20120903,,0100000037,EUR,3459.33,2907,552.33,N,I,I
0500000965,0000000033,20120821,0000000033,20120904,,0100000042,EUR,852.04,716,136.04,C,P,D
0500000966,0000000033,20120822,0000000033,20120905,,0100000041,EUR,1916.5,1610.5,306,P,I,I
0500000967,0000000033,20120823,0000000033,20120906,,0100000038,EUR,178.14,149.7,28.44,C,P,D
0500000968,0000000033,20120824,0000000033,20120907,,0100000036,EUR,871.55,732.4,139.15,X,I,I
0500000969,0000000033,20120825,0000000033,20120908,,0100000043,EUR,1028.15,864,164.15,N,I,I
0500000970,0000000033,20120826,0000000033,20120909,,0100000044,EUR,5523.38,4641.5,881.88,N,I,I
0500000971,0000000033,20120827,0000000033,20120910,,0100000036,EUR,187.54,157.6,29.94,X,I,I
0500000972,0000000033,20120828,0000000033,20120911,,0100000037,EUR,521.22,438,83.22,P,P,I
0500000973,0000000033,20120829,0000000033,20120912,,0100000042,EUR,411.5,345.8,65.7,N,I,I
0500000974,0000000033,20120830,0000000033,20120913,,0100000038,EUR,11552.52,9708,1844.52,N,I,I
0500000975,0000000033,20120831,0000000033,20120914,,0100000044,EUR,26581.03,22337,4244.03,P,I,D
0500000976,0000000033,20120901,0000000033,20120915,,0100000044,EUR,9417.66,7914,1503.66,C,P,D
0500000977,0000000033,20120902,0000000033,20120916,,0100000044,EUR,5631.08,4732,899.08,P,P,D
0500000978,0000000033,20120903,0000000033,20120917,,0100000042,EUR,1405.39,1181,224.39,C,P,D
0500000979,0000000033,20120904,0000000033,20120918,,0100000041,EUR,761.24,639.7,121.54,P,P,I
0500000980,0000000033,20120905,0000000033,20120919,,0100000037,EUR,101299.22,85125.4,16173.82,P,I,I
0500000981,0000000033,20120906,0000000033,20120920,,0100000041,EUR,250.73,210.7,40.03,X,I,I
0500000982,0000000033,20120907,0000000033,20120921,,0100000037,EUR,10549.35,8865,1684.35,X,I,I
0500000983,0000000033,20120908,0000000033,20120922,,0100000043,EUR,195.16,164,31.16,X,I,I
0500000984,0000000033,20120909,0000000033,20120923,,0100000044,EUR,107100,90000,17100,X,I,I
0500000985,0000000033,20120910,0000000033,20120924,,0100000036,EUR,4415.73,3710.7,705.03,N,I,I
0500000986,0000000033,20120911,0000000033,20120925,,0100000044,EUR,325.94,273.9,52.04,N,I,I
0500000987,0000000033,20120912,0000000033,20120926,,0100000038,EUR,24220.07,20353,3867.07,C,P,D
0500000988,0000000033,20120913,0000000033,20120927,,0100000037,EUR,4499.87,3781.4,718.47,N,I,I
0500000989,0000000033,20120914,0000000033,20120928,,0100000037,EUR,2727.24,2291.8,435.44,C,P,D
0500000990,0000000033,20120915,0000000033,20120929,,0100000042,EUR,530.62,445.9,84.72,N,I,I
0500000991,0000000033,20120916,0000000033,20120930,,0100000041,EUR,803.25,675,128.25,X,I,I
0500000992,0000000033,20120917,0000000033,20121001,,0100000036,EUR,178.14,149.7,28.44,N,I,I
0500000993,0000000033,20120918,0000000033,20121002,,0100000038,EUR,871.55,732.4,139.15,P,I,D
0500000994,0000000033,20120919,0000000033,20121003,,0100000043,EUR,6543.8,5499,1044.8,P,P,D
0500000995,0000000033,20120920,0000000033,20121004,,0100000044,EUR,113032.74,94985.5,18047.24,X,I,I
0500000996,0000000033,20120921,0000000033,20121005,,0100000036,EUR,114.24,96,18.24,P,I,D
0500000997,0000000033,20120922,0000000033,20121006,,0100000042,EUR,521.22,438,83.22,P,I,I
0500000998,0000000033,20120923,0000000033,20121007,,0100000037,EUR,411.5,345.8,65.7,P,I,D
0500000999,0000000033,20120924,0000000033,20121008,,0100000038,EUR,11379.97,9563,1816.97,N,I,I
0500001000,0000000033,20130906,0000000033,20130920,,0100000041,EUR,250.73,210.7,40.03,X,I,I
0500001001,0000000033,20140907,0000000033,20140921,,0100000037,EUR,10549.35,8865,1684.35,X,I,I
0500001002,0000000033,20140908,0000000033,20140922,,0100000043,EUR,195.16,164,31.16,X,I,I
0500001003,0000000033,20140909,0000000033,20140923,,0100000044,EUR,107100,90000,17100,X,I,I
0500001004,0000000033,20140910,0000000033,20140924,,0100000036,EUR,4415.73,3710.7,705.03,N,I,I
0500001005,0000000033,20140911,0000000033,20140925,,0100000044,EUR,325.94,273.9,52.04,N,I,I
0500001006,0000000033,20140912,0000000033,20140926,,0100000038,EUR,24220.07,20353,3867.07,C,P,D
0500001007,0000000033,20140913,0000000033,20140927,,0100000037,EUR,4499.87,3781.4,718.47,N,I,I
0500001008,0000000033,20140914,0000000033,20140928,,0100000037,EUR,2727.24,2291.8,435.44,C,P,D
0500001009,0000000033,20140915,0000000033,20140929,,0100000042,EUR,530.62,445.9,84.72,N,I,I
0500001010,0000000033,20140915,0000000033,20140929,,0100000042,EUR,530.62,445.9,84.72,N,I,I
0500001011,0000000033,20150115,0000000033,20150129,,0100000042,EUR,530.62,445.9,84.72,N,I,I
0500001012,0000000033,20150115,0000000033,20150129,,0100000042,EUR,530.62,445.9,84.72,N,I,I
0500001013,0000000033,20150111,0000000033,20150125,,0100000044,EUR,325.94,273.9,52.04,N,I,I
0500001014,0000000033,20150111,0000000033,20150125,,0100000044,EUR,325.94,273.9,52.04,N,I,I
0500001015,0000000033,20150111,0000000033,20150125,,0100000044,EUR,325.94,273.9,52.04,N,I,I
0500001016,0000000033,20150111,0000000033,20150125,,0100000044,EUR,325.94,273.9,52.04,N,I,I
0500001017,0000000033,20150111,0000000033,20150125,,0100000044,EUR,325.94,273.9,52.04,N,I,I
0500001018,000000033,20150111,0000000033,20150125,,0100000044,EUR,325.94,273.9,52.04,N,I,I
0500001019,0000000033,20150111,0000000033,20150125,,0100000044,EUR,325.94,273.9,52.04,N,I,I
0500001020,0000000033,20150111,0000000033,20150125,,0100000044,EUR,325.94,273.9,52.04,N,I,I
0500001021,0000000033,20150111,0000000033,20150125,,0100000044,EUR,325.94,273.9,52.04,N,I,I
0500001022,0000000033,20150111,0000000033,20150125,,0100000044,EUR,325.94,273.9,52.04,N,I,I
0500001023,0000000033,20150111,0000000033,20150125,,0100000044,EUR,325.94,273.9,52.04,N,I,I
0500001024,0000000033,20150111,0000000033,20150125,,0100000044,EUR,325.94,273.9,52.04,N,I,I
0500001025,0000000033,20150111,0000000033,20150125,,0100000044,EUR,325.94,273.9,52.04,N,I,I
0500001026,0000000033,20150111,0000000033,20150125,,0100000044,EUR,325.94,273.9,52.04,N,I,I
0500001027,0000000033,20150111,0000000033,20150125,,0100000044,EUR,325.94,273.9,52.04,N,I,I
0500001028,0000000033,20150111,0000000033,20150125,,0100000044,EUR,325.94,273.9,52.04,N,I,I